questions,ds,sme
"Are there any external factors that can affect the operation of the wind turbine gearbox, such as temperature, humidity, or vibration? This will help me understand the potential sources of noise in the data.",1,1
Can you provide an overview of the wind turbine gearbox and its components? This will help me understand the important components for which the anomaly model should be built.,1,1
Which sensors are available for collecting data from the wind turbine gearbox? This will help me understand the type of data that can be used to build the anomaly model.,1,1
Are there any specific components that are more prone to failure than others? This will help me focus the anomaly model on the most critical components.,1,1
"How do the sensor data and other information collected from the wind turbine (e.g. oil analysis, visual inspection) complement each other in detecting potential failures?",1,1
"How do the operating conditions of the wind turbine (e.g. temperature, humidity, wind speed) affect the likelihood of certain failure modes?",1,1
"Can you provide examples of successful case studies or real-world applications of predictive maintenance in wind energy production? How have these efforts improved the reliability and efficiency of wind turbines, and what lessons have been learned from these experiences?",1,1
"Can you discuss the potential impact of wind turbine gearbox failures on the overall performance of a wind farm? How do failed gearboxes affect the efficiency and reliability of the turbines, and what are the consequences for energy production and revenue?",1,1
Can you provide more information about the lubrication system used in the wind turbine gearbox? Understanding how the lubrication system works and potential issues that could arise can help us identify potential sources of noise or anomalies in the data.,1,1
Have you noticed any differences in the performance of the wind turbine gearbox during different weather conditions or times of day? Understanding how the gearbox performs under different conditions can help us identify potential issues or anomalies.,1,1
Are there any emerging trends or technologies in wind turbine gearbox design and maintenance that could improve their reliability and efficiency? How do these advancements impact the development of anomaly models and condition monitoring techniques?,1,1
"Are there any external factors that can affect the operation of the wind turbine gearbox, such as environmental conditions, weather patterns, or nearby industrial activities? This will help me understand the potential sources of noise in the data.",1,1
"How do the costs and downtime associated with wind turbine gearbox failures impact the overall profitability and efficiency of a wind farm? Are there any estimates on the average cost of a gearbox failure, and how can this cost be minimized?",1,1
"How do the sensor data and other information collected from the wind turbine (e.g. oil analysis, visual inspection) complement each other in detecting potential failures, and how can these data sources be integrated into the anomaly model?",1,1
Can you provide information about the maintenance schedule and history of the wind turbine gearbox? Knowing when maintenance was performed and any issues that were addressed can help us identify potential patterns or trends in the data.,1,1
"How do environmental factors, such as temperature and humidity, affect the reliability of wind turbine gearboxes? Are there any specific design features or maintenance practices that can help mitigate the impact of these factors?",1,1
Can you provide more information about the specific sensors used in the wind turbine gearbox and their measurement ranges? This information will help us better understand the data and identify potential sources of noise.,1,1
"Are there any plans to incorporate additional sensors or data sources into the wind turbine gearbox in the future? If so, how might these new data sources be used to improve anomaly detection and predictive maintenance?",1,1
"Can you provide more information about the sensor data that is collected from the wind turbine gearbox? For example, what type of sensors are used, what data do they collect, and how is the data processed and analyzed?",1,1
"Are there any specific maintenance tasks or procedures that are commonly performed on the wind turbine gearbox's components, such as bearing replacements or gear repairs? How do these tasks affect the sensor data?",1,1
How do control systems play a role in the operation and monitoring of wind turbine gearboxes? What types of sensors and monitoring systems are typically used to detect anomalies and predict potential failures?,1,1
"How do wind speed and direction affect the operation of the wind turbine gearbox, and what are the recommended design and maintenance practices to ensure optimal performance under various wind conditions?",1,1
"How do the degradation mechanisms in wind turbine gearboxes differ from those in other types of gearboxes, and how might this impact the approach we take to anomaly detection and predictive maintenance?",1,1
What is the typical lead time between the occurrence of an anomaly and the failure of the wind turbine gearbox? This information can help determine the appropriate time window for anomaly detection.,1,1
"Can you provide more information about the specific sensors that will be used to collect the sensor data? For example, what type of sensors will be used to measure temperature, vibration, and noise?",1,1
Can you discuss any challenges or limitations that you have encountered when implementing anomaly detection and predictive maintenance in wind turbine gearboxes? How were these challenges addressed?,1,1
"How do the operating conditions of wind turbines vary across different regions and environments? For example, how do temperature, humidity, and wind speed differ in coastal versus inland locations?",1,1
Have there been any past instances of anomalies or failures in the wind turbine gearbox that can be used as examples or case studies to inform the development of the anomaly detection model?,1,1
"How do temperature and humidity extremes affect the lifespan of a wind turbine gearbox, and what are some strategies for extending the lifespan of a gearbox operating in harsh environments?",1,1
"Can you discuss the trade-offs between using different techniques for anomaly detection and predictive maintenance, such as the cost, accuracy, and computational complexity of each method?",1,1
Are there any emerging trends or technologies in wind turbine gearbox design or maintenance that could help reduce the likelihood of failure modes or improve detection and repair times?,1,1
"Are there any specific failure modes that are more critical or more likely to occur in certain operating conditions, and how can the anomaly model be tailored to detect these failures?",1,1
"Can you provide more information about the maintenance tasks and procedures that are commonly performed on the wind turbine gearbox, and how do these tasks affect the sensor data?",1,1
"What are the most effective maintenance strategies for preventing failures in these components, and how do they vary depending on the specific component and operating conditions?",1,1
What are some common warning signs or symptoms that indicate a potential failure in the gearbox components? How can we detect these signs early on to prevent a complete failure?,1,1
"Can you provide more information about the normal operating conditions of the wind turbine gearbox, and how do these conditions affect the likelihood of certain failure modes?",1,1
"How do the failure modes for these components interact with each other, and what are the potential cascading effects of a failure in one component on the rest of the system?",1,1
"Can you provide more information about the bearings used in wind turbine gearboxes? What are the potential failure modes, and how do they affect the gearbox's operation?",1,1
"How do preventive maintenance tasks such as regular oil changes, visual inspections, and vibration analysis help predict and prevent failures in wind turbine gearboxes?",1,1
Can you provide more information on the costs associated with unexpected downtime and repairs? How do these costs impact the overall profitability of the wind turbine?,1,1
"Can you discuss the trade-offs between using different types of sensors, such as vibration sensors versus temperature sensors, for detecting anomalies in the gearbox?",1,1
Are there any known interactions between the wind turbine gearbox and other components of the wind turbine that could affect the likelihood of certain failure modes?,1,1
"Can you discuss the challenges and limitations of using FMEA to predict and prevent failures in wind turbine gearboxes, and how can these challenges be addressed?",1,1
"Are there any specific components of the wind turbine gearbox that are more prone to wear and tear, and how does this wear and tear affect the sensor data?",1,1
Are there any specific environmental or operational factors that can increase the likelihood of certain failure modes occurring in wind turbine gearboxes?,1,1
Are there any specific regulatory or industry standards that must be followed for anomaly detection and predictive maintenance in wind turbine gearboxes?,1,1
"Can you discuss the impact of gearbox failure on the overall wind turbine performance, and how does it affect the bottom line of the wind farm operator?",1,1
"What are the most common failure modes for each component of the wind turbine gearbox, and how do they impact the overall performance of the system?",1,1
How do pressure sensors detect changes in the pressure of the lubrication system? Are there any specific pressure thresholds that trigger an alert?,1,1
"How do you prioritize maintenance tasks for wind turbine gearboxes, and what factors do you consider when determining the frequency of each task?",1,1
"How do bearing defects and gearbox housing defects differ from other failure modes in wind turbine gearboxes, and how do they impact performance?",1,1
"What are the typical repair and replacement costs for each failure mode, and how do they impact the overall maintenance budget for a wind farm?",1,1
Can you elaborate on the specific external factors that have the greatest impact on the wind turbine gearbox's performance and reliability?,1,1
"What are the most common failure modes for wind turbine gearboxes, and how do they typically manifest in the data collected by the sensors?",1,1
"How do the operating conditions of the wind turbine, such as wind speed, direction, and turbulence, affect the likelihood of failure modes?",1,1
"Can you provide examples of poor maintenance practices that can contribute to gearbox failure, and how can these practices be improved?",1,1
"Are there any specific challenges or limitations in detecting potential failures in these components, and how can they be addressed?",1,1
"What are the most effective preventive maintenance techniques for the wind turbine gearbox, and how often should they be performed?",1,1
"What are the most common failure modes in wind turbine gearboxes, and how do they manifest in the data collected by the sensors?",1,1
"How does wind speed affect the load on the gearbox, and what are the potential failure modes associated with high wind speeds?",1,1
"What are some common electrical issues that can occur in a wind turbine gearbox, and how can they be prevented or mitigated?",1,1
How does the gearbox's control system work? Are there any potential failure modes related to control system malfunctions?,1,1
Can you provide more information about the specific sensors used in wind turbine gearboxes and their measurement ranges?,1,1
"How do coupling and housing failures occur in wind turbine gearboxes, and what are the consequences of these failures?",1,1
How do you ensure that the sensors used for condition monitoring are accurately calibrated and provide reliable data?,1,1
Can you provide examples of specific sensor data that can indicate misalignment or imbalance in the gearbox?,1,1
Are there any specific regulatory or industry standards that the anomaly detection model must comply with?,1,1
How does overloading and poor assembly affect the performance and lifespan of wind turbine gearboxes?,1,1
"Are there any specific failure modes that are more critical than others, and if so, why?",1,1
