Topic,Count,Name,Representation,Representative_Docs
0,8,failures,"['failures', 'failure', 'modes', 'components', 'challenges', 'critical', 'limitations', 'examples', 'component', 'anomalies']","['Are there any failure modes that are not included in the list provided, and if so, why?', 'Can you provide examples of specific failure modes that have occurred in the past, and how did they manifest in terms of sensor data?', 'What are some common failure modes that are not captured by the current training data, and how can we ensure that the training data includes a representative range of failure modes?']"
1,4,components,"['components', 'component', 'failure', 'modes', 'cascading', 'system', 'anomaly', 'effects', '', '']","['How do the failure modes for these components differ, and what are the most common failure modes for each component?', 'How do the failure modes of different components interact with each other, and what are the potential consequences of a single component failure on the overall system performance?', 'How do the failure modes for these components interact with each other, and what are the potential cascading effects of a failure in one component on the rest of the system?']"
2,705,-1_gearboxes_sensors_monitoring_gearbox,"['gearboxes', 'sensors', 'monitoring', 'gearbox', 'maintenance', 'sensor', 'systems', 'components', 'system', 'turbine']","['Are there any specific challenges or limitations associated with monitoring the wind turbine gearbox system in real-time, and how are they addressed?', 'Are there any specific challenges or limitations associated with implementing these monitoring and maintenance practices in wind turbine gearboxes, and how can they be addressed?', 'Are there any specific challenges or limitations associated with using sensors for condition monitoring in wind turbine gearboxes, and how can they be addressed?']"
3,184,0_lubrication_gearboxes_lubricants_lubricant,"['lubrication', 'gearboxes', 'lubricants', 'lubricant', 'gearbox', 'maintenance', 'turbines', 'reliability', 'turbine', 'oil']","['What are the most common failure modes of the lubrication system in wind turbine gearboxes, and how do they occur?', 'How does lubrication affect the performance and lifespan of wind turbine gearbox components, and what are some common lubrication strategies used in these systems?', 'What are the most common failure modes for the lubrication and cooling systems in wind turbine gearboxes?']"
4,158,1_gearboxes_gearbox_analytics_anomalies,"['gearboxes', 'gearbox', 'analytics', 'anomalies', 'anomaly', 'algorithms', 'autoencoders', 'ai', 'predicting', 'detection']","['How do machine learning algorithms improve the accuracy of anomaly detection in wind turbine gearbox sensor data?', 'Can you provide examples of specific machine learning algorithms and techniques that have been used for anomaly detection in wind turbine gearbox sensor data?', 'Can you explain the specific machine learning algorithms used for anomaly detection and predictive maintenance in wind turbine gearboxes?']"
5,130,2_sensors_sensor_gearbox_misalignment,"['sensors', 'sensor', 'gearbox', 'misalignment', 'monitoring', 'faults', 'bearing', 'vibration', 'data', 'gear']","['Can you explain how vibration sensors detect changes in the vibration patterns of the gearbox and its components? Are there any specific vibration patterns that are known to indicate potential issues?', 'How do sensor data and other monitoring technologies help detect potential issues with the gearbox? Can you provide examples of specific sensor data that can indicate potential problems, and how this data can be used to predict equipment failure?', 'Can you provide examples of specific sensor data that can indicate misalignment or imbalance in the gearbox?']"
6,125,3_gearboxes_gearbox_anomalies_anomaly,"['gearboxes', 'gearbox', 'anomalies', 'anomaly', 'maintenance', 'systems', 'challenges', 'detection', 'turbine', 'detecting']","['How can we ensure that the anomaly detection system is robust and can detect anomalies in real-time? What are the potential challenges and limitations of real-time anomaly detection in wind turbine gearboxes?', 'What are some potential challenges or limitations of implementing an anomaly detection system in wind turbine gearboxes, and how can these be addressed?', 'Can you discuss the challenges and limitations of implementing anomaly detection and predictive maintenance in wind turbine gearboxes, and how can they be addressed?']"
7,111,4_gearboxes_gearbox_humidity_moisture,"['gearboxes', 'gearbox', 'humidity', 'moisture', 'winds', 'climate', 'temperatures', 'turbines', 'reliability', 'weather']","['How do environmental factors such as temperature, humidity, and vibration affect the performance and lifespan of wind turbine gearbox components?', 'How do environmental factors, such as temperature and humidity, affect the performance and lifespan of wind turbine gearbox components?', 'How do environmental factors, such as temperature and humidity, affect the performance and lifespan of wind turbine gearboxes?']"
8,85,5_gearboxes_gearbox_failures_modes,"['gearboxes', 'gearbox', 'failures', 'modes', 'turbines', 'turbine', 'failure', 'maintenance', 'components', 'blades']","['What are the most common failure modes in wind turbine gearboxes, and how do they occur?', 'What are the most common failure modes of a wind turbine gearbox, and how do they occur?', 'What are the most common failure modes of wind turbine gearboxes, and how do they impact the performance of the wind turbine?']"
9,76,6_sensors_gearboxes_sensor_accelerometers,"['sensors', 'gearboxes', 'sensor', 'accelerometers', 'sensing', 'gearbox', 'turbines', 'monitoring', 'turbine', 'systems']","[""Can you provide more information on the types of sensors used to collect data on the wind turbine's gearbox? How do these sensors work, and what specific data do they provide?"", 'Can you provide more information about the sensors used to monitor wind turbine gearboxes? What types of sensors are typically used, and what data do they collect?', 'Can you provide more information on the specific types of vibration sensors, temperature sensors, pressure sensors, speed sensors, and acoustic sensors that are typically used in wind turbine gearboxes?']"
10,72,7_maintenance_gearboxes_turbines_reliability,"['maintenance', 'gearboxes', 'turbines', 'reliability', 'gearbox', 'strategies', 'implementation', 'turbine', 'failures', 'implemented']","['Can you provide examples of successful implementation of proactive maintenance strategies for wind turbine gearboxes in the field, and what were the key factors that contributed to their success?', 'Can you provide examples of successful preventive maintenance strategies that have been implemented in wind turbine operations? What were the key components of these strategies?', 'Can you provide examples of successful case studies or implementations of proactive maintenance strategies for wind turbine gearboxes, and what were the key factors that contributed to their success?']"
11,69,8_gearboxes_gearbox_bearing_maintenance,"['gearboxes', 'gearbox', 'bearing', 'maintenance', 'analysis', 'vibration', 'monitoring', 'oil', 'faults', 'testing']","['Can you provide examples of specific vibration analysis or oil analysis techniques that are commonly used to identify potential issues in wind turbine gearboxes?', 'How effective are condition monitoring techniques, such as vibration analysis and oil analysis, in detecting potential failures in wind turbine gearboxes?', 'Can you provide examples of how predictive maintenance techniques, such as vibration analysis or oil analysis, can be used to identify potential failures in the wind turbine gearbox components?']"
12,68,9_anomaly_anomalies_maintenance_predict,"['anomaly', 'anomalies', 'maintenance', 'predict', 'expert', 'expertise', 'predictions', 'predictive', 'detection', 'algorithms']","['How do you recommend integrating domain expertise into the development and interpretation of algorithms and models for anomaly detection and predictive maintenance, and what are some potential challenges or limitations to consider?', 'How do you incorporate domain knowledge and expertise into the development and training of anomaly models for predictive maintenance?', 'How can domain expertise be integrated into anomaly detection models to improve their accuracy and reliability?']"
13,65,10_gearboxes_bearings_bearing_gearwheels,"['gearboxes', 'bearings', 'bearing', 'gearwheels', 'gearbox', 'gears', 'faults', 'failures', 'defects', 'turbine']","['Can you provide more information on the most common failure modes in wind turbine gearboxes? For example, what are the specific types of bearing failures that can occur, and what are the typical causes of gear failures?', 'Can you provide more information on the specific types of bearing failures that can occur in wind turbine gearboxes? For example, what are the most common types of bearing failures, and what are their typical causes?', 'Can you provide more information on the specific types of bearing and gearbox housing defects that are most common in wind turbine gearboxes?']"
14,54,11_gearboxes_gearbox_gears_materials,"['gearboxes', 'gearbox', 'gears', 'materials', 'bearings', 'material', 'durability', 'turbines', 'components', 'manufacturing']","['How do different gearbox designs and materials used in wind turbines affect their performance and maintenance requirements?', 'How do the materials used in the construction of bearings and gears affect their lifespan and performance in wind turbine gearboxes? Are there any new materials or technologies being used to improve their performance?', 'What are some of the advanced materials and coatings being used in wind turbine gearboxes to reduce weight, friction, and wear, and how do they compare to traditional materials in terms of cost and performance?']"
15,50,12_gearboxes_gearbox_technologies_reliability,"['gearboxes', 'gearbox', 'technologies', 'reliability', 'bearing', 'maintenance', 'technology', 'trends', 'turbine', 'coupling']","['Are there any emerging technologies or trends in coupling design or monitoring that could improve the reliability and efficiency of wind turbine gearboxes?', 'Are there any emerging trends or technologies in wind turbine gearbox bearing design or maintenance that could improve reliability and reduce downtime?', 'Are there any emerging trends or technologies in wind turbine gearbox design or maintenance that could help improve their reliability and efficiency?']"
16,46,13_gearboxes_maintenance_gearbox_repairs,"['gearboxes', 'maintenance', 'gearbox', 'repairs', 'repairing', 'repair', 'replacing', 'costs', 'cost', 'replacement']","['What are the typical costs associated with repairing or replacing a failed bearing in a wind turbine gearbox, and how can these costs be minimized?', 'What are the typical costs associated with repairing or replacing a wind turbine gearbox, and how can preventive maintenance help reduce these costs?', 'What are the typical costs associated with gearbox oil and filter changes, and how do these costs compare to the costs of repairing or replacing a failed gearbox?']"
17,45,14_sensors_gearboxes_sensor_gearbox,"['sensors', 'gearboxes', 'sensor', 'gearbox', 'anomalies', 'monitoring', 'turbine', 'detection', 'detecting', 'data']","['Can you provide more information on the specific sensors used to detect anomalies in the wind turbine gearbox? How do these sensors measure the operating conditions, and what data do they provide?', 'Can you provide more information on the specific sensors used in wind turbine gearboxes to detect anomalies? How do these sensors work, and what data do they provide?', ""Can you provide more information about the sensor data that can be used to detect anomalies in the wind turbine gearbox? What are the specific sensors used, and how do they measure the gearbox's performance?""]"
18,45,15_maintenance_gearboxes_gearbox_tasks,"['maintenance', 'gearboxes', 'gearbox', 'tasks', 'operating', 'turbine', 'frequent', 'parts', 'schedules', 'inspections']","['Can you provide more information on the maintenance schedules and procedures for wind turbine gearboxes? How often are maintenance activities performed, and what specific tasks are typically included in these activities?', 'Can you provide more information about the maintenance schedules and practices that can impact the operation of the wind turbine gearbox? How often are maintenance activities typically performed, and what are the most critical components of a maintenance schedule for the gearbox?', 'Can you provide more information about the maintenance and inspection schedules for wind turbine gearboxes? How often are these schedules typically performed, and what are the key tasks or checks that are performed during these maintenance and inspection activities?']"
19,44,16_sensors_sensor_failures_trends,"['sensors', 'sensor', 'failures', 'trends', 'data', 'anomalies', 'failure', 'patterns', 'examples', 'occurs']","['Can you provide examples of specific patterns or trends that have been identified through the integration of sensor data and other information? How have these patterns been used to predict potential failures?', 'Can you provide examples of how the sensor measurements can be used to predict impending failures? What are some common patterns or trends that indicate a potential failure?', 'Are there any specific patterns or trends in the sensor data that are indicative of a potential failure, and how can these patterns be used to improve the anomaly model?']"
20,41,17_sensors_sensor_humidity_accelerometers,"['sensors', 'sensor', 'humidity', 'accelerometers', 'temperature', 'accuracy', 'data', 'detection', 'environmental', 'metrics']","['How do environmental factors such as temperature, humidity, and wind speed affect the sensor data and the anomaly model?', 'How does the system account for changes in environmental conditions, such as temperature, humidity, or vibration, that may affect the accuracy of the sensor data?', 'How does the anomaly detection model account for changes in environmental conditions, such as temperature, humidity, or wind speed, that may affect sensor data?']"
21,39,18_maintenance_turbines_predictive_challenges,"['maintenance', 'turbines', 'predictive', 'challenges', 'reliability', 'insights', 'efficiency', 'implementations', 'monitoring', 'downtime']","['Can you discuss the specific challenges that wind farm operators and manufacturers face when implementing predictive maintenance techniques, and how can these challenges be addressed?', 'Can you discuss the challenges associated with implementing predictive maintenance techniques in wind turbine maintenance and how they can be addressed?', 'Can you provide examples of how predictive maintenance has been used in the wind energy industry to reduce downtime and improve the overall efficiency of wind turbines?']"
22,38,19_maintenance_gearbox_reliability_gear,"['maintenance', 'gearbox', 'reliability', 'gear', 'practices', 'downtime', 'ensure', 'cleaning', 'failures', 'preventing']","[""What are some common maintenance practices that can help ensure the gearbox's optimal performance, and how often should these practices be performed?"", 'What are the common bearing maintenance tasks that should be performed to prevent failure, and how often should they be performed?', 'How often should regular maintenance be performed on the gearbox to prevent failures, and what are the key maintenance tasks that should be performed?']"
23,37,20_sensors_imputation_sensor_data,"['sensors', 'imputation', 'sensor', 'data', 'missing', 'incomplete', 'model', 'impute', 'regression', 'system']","['How does the model handle missing or incomplete data from sensors, and what are the potential consequences of such missing data?', 'How will the model handle missing or incomplete sensor data? Will imputation techniques be used to fill in missing values, or will the model be designed to handle missing data in a different way?', 'How do you handle missing or incomplete sensor data in predictive maintenance? Are there any specific techniques or methods that can be used to impute missing data or handle anomalies?']"
24,37,21_maintenance_gearboxes_prioritizing_prioritization,"['maintenance', 'gearboxes', 'prioritizing', 'prioritization', 'prioritize', 'gearbox', 'priority', 'task', 'tasks', 'scheduling']","['How do you currently prioritize maintenance and repairs for the wind turbine gearbox control system? Are there any specific factors that you consider when determining which maintenance tasks to perform first?', 'How do you prioritize the maintenance schedule for wind turbine gearbox components, and what factors do you consider when determining the frequency of inspections and maintenance tasks?', 'How do you prioritize maintenance tasks for wind turbine gearboxes, and what factors do you consider when scheduling maintenance?']"
25,37,22_gearboxes_maintenance_gearbox_predictive,"['gearboxes', 'maintenance', 'gearbox', 'predictive', 'reliability', 'failures', 'systems', 'monitoring', 'turbine', 'strategies']","['Can you provide examples of successful predictive maintenance strategies that have been implemented in wind turbine gearboxes, and what were the key factors in their success?', 'Can you provide examples of successful predictive maintenance strategies that have been implemented in wind turbine gearboxes, and the specific techniques and tools used to detect and prevent failures?', 'Can you provide examples of successful predictive maintenance strategies that have been implemented in wind turbine gearboxes?']"
26,37,23_lubrication_lubricant_gearbox_lubricate,"['lubrication', 'lubricant', 'gearbox', 'lubricate', 'lubricated', 'systems', 'system', 'failures', 'components', 'overheating']","['How does the lubrication system and cooling system of the gearbox work, and what are some common issues that can arise if they are not properly maintained?', 'Can you provide examples of specific lubrication system components that are most susceptible to failure, and how do their failures impact the overall system performance?', 'Can you provide more detail on the lubrication system and its potential failure modes? How does the lubrication system interact with the other components of the gearbox, and what are the potential consequences of a lubrication system failure?']"
27,36,24_thermography_maintenance_inspection_vibration,"['thermography', 'maintenance', 'inspection', 'vibration', 'monitoring', 'oil', 'testing', 'analysis', 'inspections', 'gearbox']","['How do oil analysis and thermography techniques complement vibration analysis in detecting potential failures early?', 'How effective are preventive maintenance practices, such as vibration analysis, oil analysis, and thermography, in detecting potential failures before they occur?', 'Can you provide examples of how predictive maintenance techniques, such as vibration analysis and oil analysis, can help identify potential failure modes before they occur?']"
28,36,25_lubrication_humidity_temperatures_gearbox,"['lubrication', 'humidity', 'temperatures', 'gearbox', 'temperature', 'cooling', 'environmental', 'factors', 'fluctuations', 'rain']","['How do environmental factors, such as temperature, humidity, and wind speed, affect the likelihood of gearbox failures?', ""How do environmental factors, such as temperature and humidity, affect the lubrication system's performance and potential failure modes?"", 'How do environmental factors, such as temperature and humidity, affect the performance of the lubrication and cooling systems in a wind turbine gearbox?']"
29,35,26_sensors_monitoring_sensor_accuracy,"['sensors', 'monitoring', 'sensor', 'accuracy', 'reliability', 'calibration', 'data', 'reliable', 'verify', 'calibrating']","['How do you ensure that the data collected from the sensors and other sources is accurate and reliable? Are there any quality control measures in place?', 'Can you provide information on the accuracy and reliability of the sensors and the data they provide? How do operators ensure that the sensor data is accurate and reliable?', 'How do you ensure that the sensors and data sources are properly calibrated and maintained to ensure accurate and reliable data? What procedures are in place for sensor calibration and maintenance, and how often are they performed?']"
30,35,27_misalignment_gearboxes_misaligned_bearing,"['misalignment', 'gearboxes', 'misaligned', 'bearing', 'alignment', 'gearbox', 'gears', 'gearwheel', 'mechanical', 'shaft']","['Can you provide examples of how shaft misalignment can occur in wind turbine gearboxes, and how does it affect performance?', ""How does misalignment occur in a wind turbine gearbox, and what are the consequences of misalignment on the gearbox's performance?"", 'How does shaft misalignment typically occur in wind turbine gearboxes? Are there any specific causes of shaft misalignment that are more common than others?']"
31,31,28_gearboxes_gearbox_gears_sensors,"['gearboxes', 'gearbox', 'gears', 'sensors', 'failures', 'modes', 'mode', 'sensor', 'faults', 'gear']","['What are the most common failure modes in wind turbine gearboxes, and how do they manifest in the sensor data?', 'What are the most common failure modes in wind turbine gearboxes, and how do they typically manifest in sensor data?', 'What are the most common failure modes in wind turbine gearboxes, and how do they typically manifest in the sensor data?']"
32,30,29_gearboxes_gearbox_gears_components,"['gearboxes', 'gearbox', 'gears', 'components', 'parts', 'failures', 'turbine', 'failure', 'defects', 'manufacturing']","[""What are the most critical components in a wind turbine gearbox that are prone to failure, and how do their failures impact the system's performance?"", 'Can you provide more information on the specific types of gearbox components that are most prone to failure, and the typical lifespan of these components in a wind turbine gearbox?', 'Are there any specific components of the wind turbine gearboxes that are more prone to failure or anomalies? If so, can you provide more information about these components and their failure modes?']"
33,29,30_sensors_sensor_anomalies_anomaly,"['sensors', 'sensor', 'anomalies', 'anomaly', 'detection', 'data', 'outliers', 'algorithms', 'detect', 'intelligence']","['Can you explain the process of building an anomaly model using real-time time series sensor data? How do you ensure that the model is accurate and effective in detecting anomalies?', 'Can you provide more information about the sensor data that will be used for anomaly detection? What are the types of sensors, and what data do they measure?', 'Can you provide more information about the real-time time series sensor data used by the anomaly detection model? How is this data processed and analyzed to detect anomalies?']"
34,26,31_gearboxes_monitoring_gearbox_maintenance,"['gearboxes', 'monitoring', 'gearbox', 'maintenance', 'gear', 'technologies', 'testing', 'diagnostics', 'failures', 'turbine']","['Can you discuss the role of condition monitoring in predicting and preventing gearbox failures, and what are some common condition monitoring techniques used in wind turbine maintenance?', 'What are the most effective condition monitoring techniques for detecting potential failures in wind turbine gearboxes, and how do they compare in terms of cost, accuracy, and ease of implementation?', 'What are the most common failure modes in wind turbine gearboxes, and how do condition monitoring and predictive maintenance techniques help detect and prevent these failures?']"
35,25,32_gearboxes_degradation_gearbox_reliability,"['gearboxes', 'degradation', 'gearbox', 'reliability', 'mechanisms', 'components', 'gear', 'bearing', 'corrosion', 'turbine']","['Can you provide more information about the degradation mechanisms that can affect wind turbine gearboxes? How do wear and tear, corrosion, and fatigue impact the system, and how can these mechanisms be monitored and addressed?', 'How do degradation mechanisms such as corrosion, wear and tear, and fatigue contribute to electrical failures in wind turbine gearboxes? Are there any specific components or areas that are more susceptible to these degradation mechanisms?', 'Can you provide more information on the degradation mechanisms that occur in wind turbine gearboxes? How do these mechanisms affect the various components, and what are the typical rates of degradation?']"
36,25,33_gearboxes_electrical_gearbox_turbine,"['gearboxes', 'electrical', 'gearbox', 'turbine', 'failures', 'generator', 'components', 'defects', 'motor', 'parts']","['What are some common electrical issues that can occur in a wind turbine gearbox, and how can they be prevented or mitigated?', 'What types of electrical issues can occur in wind turbine gearboxes, and how do they impact performance?', 'What are the most common types of electrical issues that occur in wind turbine gearboxes, and how do they typically manifest?']"
37,22,34_detectability_severity_rating_ratings,"['detectability', 'severity', 'rating', 'ratings', 'criteria', 'likelihood', 'kpis', 'summary', 'preventive', 'metrics']","['Can you provide more information about the severity and detectability ratings, and how they were determined?', 'How are the severity and detectability ratings determined for each failure mode? Are there any specific methods or tools used to assess these ratings?', 'Can you provide more information on the severity and detectability ratings that are used to prioritize maintenance tasks and procedures? How are these ratings determined, and what factors are considered?']"
38,22,35_gearboxes_turbines_turbine_gearbox,"['gearboxes', 'turbines', 'turbine', 'gearbox', 'failures', 'modes', 'wind', 'operational', 'operating', 'failure']","['How do changes in wind speed and direction affect the operation of the wind turbine gearbox? Are there any specific failure modes that are more likely to occur under different wind conditions?', 'How do the operating conditions of the wind turbine, such as speed, torque, and power, affect the likelihood of certain failure modes occurring?', 'How do the operating conditions of the wind turbine, such as wind speed, direction, and turbulence, affect the likelihood of failure modes?']"
39,22,36_maintenance_training_maintain_skills,"['maintenance', 'training', 'maintain', 'skills', 'trained', 'certification', 'personnel', 'certifications', 'competence', 'equipped']","['How can training programs for maintenance personnel be structured to ensure that they have the necessary skills and knowledge to perform their tasks effectively?', 'How do you ensure that maintenance personnel have the necessary skills and knowledge to perform maintenance tasks effectively and efficiently? Are there any specific training programs or certifications that are required for wind turbine gearbox maintenance?', 'How do you ensure that maintenance personnel have the necessary skills and training to perform their tasks effectively, and what kind of training programs or resources are available to them?']"
40,21,37_gearboxes_sensors_gearbox_humidity,"['gearboxes', 'sensors', 'gearbox', 'humidity', 'anomalies', 'reliability', 'wind', 'temperature', 'anomaly', 'environmental']","['How do environmental factors such as temperature, humidity, and wind speed affect the performance of the wind turbine gearbox and the accuracy of the anomaly detection system?', 'How do environmental factors, such as temperature, humidity, and wind speed, affect the performance of a wind turbine gearbox? How can these factors be accounted for in the anomaly detection model?', 'Are there any specific environmental factors that can affect the performance of the wind turbine gearbox and the accuracy of the anomaly detection model, such as temperature, humidity, or vibration?']"
41,21,38_anomalies_anomaly_negatives_detection,"['anomalies', 'anomaly', 'negatives', 'detection', 'likelihood', 'positives', 'model', 'errors', 'prediction', 'detect']","['How does the anomaly model handle false positives or false negatives, and what are the consequences of such errors?', 'How do you handle false positives or false negatives in the anomaly model? Are there any specific techniques or methods used to address these issues?', 'How does the anomaly detection model handle false positives or false negatives in real-time data?']"
42,21,39_gearboxes_detectability_gearbox_severity,"['gearboxes', 'detectability', 'gearbox', 'severity', 'turbines', 'rating', 'fmea', 'failures', 'ratings', 'criteria']","['How do the severity and detectability ratings for wind turbine gearbox bearing failure modes compare to other components in the wind energy system?', 'How do the detectability and severity ratings for wind turbine gearbox failure modes vary depending on the age and usage of the gearbox?', 'How do you determine the severity and detectability ratings for potential failure modes in wind turbine gearboxes?']"
43,20,40_gearboxes_standards_maintenance_gearbox,"['gearboxes', 'standards', 'maintenance', 'gearbox', 'regulatory', 'regulations', 'industry', 'maintaining', 'reliability', 'compliance']","['Are there any specific industry standards or regulations that guide the preventive maintenance and repair of wind turbine gearboxes? If so, can you provide examples of such standards or regulations?', 'How do regulatory requirements or industry standards, such as those related to safety or environmental impact, affect the monitoring and maintenance of wind turbine gearboxes? Are there any specific regulations or standards that must be followed?', 'Are there any specific regulations or industry standards that must be followed when maintaining and repairing wind turbine gearboxes? If so, how do these regulations impact the maintenance and repair process?']"
44,18,41_anomaly_metrics_anomalies_benchmarks,"['anomaly', 'metrics', 'anomalies', 'benchmarks', 'detection', 'monitored', 'evaluated', 'effectiveness', 'performance', 'model']","['How will the effectiveness of the anomaly detection model be evaluated, and what metrics will be used to measure its performance?', ""How will the performance of the anomaly detection model be evaluated? Will there be any metrics or benchmarks used to assess the model's accuracy and robustness?"", 'How will the performance of the anomaly detection model be evaluated and monitored over time? What metrics will be used to assess its accuracy and effectiveness?']"
45,18,42_gearboxes_standards_standardization_anomalies,"['gearboxes', 'standards', 'standardization', 'anomalies', 'regulatory', 'anomaly', 'compliance', 'regulations', 'maintenance', 'requirements']","['Are there any specific regulatory or compliance requirements that the anomaly model must adhere to? For example, are there any industry standards or guidelines for anomaly detection in wind turbine gearboxes?', 'Are there any specific regulatory or industry standards that must be followed for anomaly detection and predictive maintenance in wind turbine gearboxes?', 'How do regulatory requirements and industry standards impact the detection of potential failures in wind turbine gearboxes? Are there any specific regulations or guidelines that must be followed when developing anomaly detection models or implementing predictive maintenance strategies?']"
46,17,43_turbines_turbine_monitoring_anomaly,"['turbines', 'turbine', 'monitoring', 'anomaly', 'systems', 'scada', 'detection', 'renewable', 'maintenance', 'wind']","['How will the anomaly detection model be integrated with the existing monitoring and control systems of the wind turbine? For example, will it provide real-time alerts to operators, or will it be used to schedule predictive maintenance?', 'Are there any plans to expand the use of these anomaly detection systems to other components of the wind turbine or to other industries?', 'Are there any plans to expand the use of anomaly detection and predictive maintenance techniques to other components of wind turbines, such as blades or control systems?']"
47,17,44_fmea_gearboxes_fea_failures,"['fmea', 'gearboxes', 'fea', 'failures', 'reliability', 'modes', 'failure', 'mode', 'fta', 'analysis']","['Can you provide examples of specific failure modes that have been identified through root cause analysis or FMEA in wind turbine gearboxes? How were they addressed?', 'Can you provide examples of failure modes that have been identified in wind turbine gearbox components through FMEA? How have these failure modes been addressed in the past?', 'Can you provide examples of specific failure modes that have been identified through failure modes and effects analysis (FMEA) in wind turbine gearboxes, and how have these failures been addressed?']"
48,16,45_gearboxes_gearbox_turbines_failures,"['gearboxes', 'gearbox', 'turbines', 'failures', 'reliability', 'turbine', 'efficiency', 'failure', 'profitability', 'energy']","['How do the failure modes of different components in the gearbox impact the overall efficiency and reliability of the wind energy system, and what are the potential economic and environmental consequences of these failures?', ""How do the failure modes of wind turbine gearboxes impact the overall performance and efficiency of the wind turbine, and what are the potential consequences of a gearbox failure on the wind farm's operations?"", 'How do the failure modes in wind turbine gearboxes impact the overall performance and efficiency of the wind turbine, and what are the potential economic and environmental consequences of these failures?']"
49,16,46_gearbox_maintenance_indicators_turbine,"['gearbox', 'maintenance', 'indicators', 'turbine', 'gear', 'signs', 'bearing', 'failures', 'degradation', 'wind']","['What are some common warning signs or indicators that suggest a potential failure in a wind turbine gearbox, and how can these be detected through the various preventive maintenance techniques?', 'What are some common warning signs or indicators that a wind turbine gearbox is failing or needs maintenance?', 'What are some common warning signs or indicators that suggest a wind turbine gearbox is experiencing degradation? How can operators detect these signs early on to prevent potential failures?']"
