claims,url,passageid
" Industrial furnaces are used in various industries to provide thermal energy for different purposes, such as melting metals, producing cement, or creating ceramics.",https://www.sciencedirect.com/topics/engineering/industrial-furnace,1
" Industrial furnaces can have a significant impact on the environment, with KPIs such as CO2-equivalent emissions, particulate matter emissions, nitrogen oxide emissions, sulfur dioxide emissions, wastewater volume, chemical oxygen demand, biochemical oxygen demand, solid waste volume, solid waste weight, and noise level all contributing to this impact.",https://www.sciencedirect.com/topics/engineering/industrial-furnace,1
" Industrial furnaces are used in various industries to provide thermal energy for different purposes, such as melting metals, producing cement, or creating ceramics.",https://www.sciencedirect.com/topics/engineering/industrial-furnace,2
" Industrial furnaces can have a significant impact on the environment, with KPIs such as CO2-equivalent emissions, particulate matter emissions, nitrogen oxide emissions, sulfur dioxide emissions, wastewater volume, chemical oxygen demand, biochemical oxygen demand, solid waste volume, solid waste weight, and noise level all contributing to this impact.",https://www.sciencedirect.com/topics/engineering/industrial-furnace,2
" Industrial furnaces are used in various industries to provide thermal energy for different purposes, such as melting metals, producing cement, or creating ceramics.",https://abbottfurnace.com/a-guide-to-industrial-furnace-features-and-types/,1
" Industrial furnaces are used in various industries to provide thermal energy for different purposes, such as melting metals, producing cement, or creating ceramics.",https://www.sciencedirect.com/science/article/pii/S0360544219303172,1
" Industrial furnaces are used in various industries to provide thermal energy for different purposes, such as melting metals, producing cement, or creating ceramics.",https://www.ulmaforge.com/en/new/industrial-gas-furnaces-applications/,1
" Industrial furnaces are used in various industries to provide thermal energy for different purposes, such as melting metals, producing cement, or creating ceramics.",https://www.researchgate.net/publication/331186991_High-temperature_PCM-based_thermal_energy_storage_for_industrial_furnaces_installed_in_energy-intensive_industries,1
" Industrial furnaces are used in various industries to provide thermal energy for different purposes, such as melting metals, producing cement, or creating ceramics.",https://www.sciencedirect.com/science/article/abs/pii/S0957582021000549,1
" Industrial furnaces can have a significant environmental impact, particularly in terms of air pollution, water pollution, solid waste, noise level, and ecological consequence.",https://www.sciencedirect.com/science/article/abs/pii/S0957582021000549,1
" Despite their potential environmental impact, industrial furnaces are essential for many industrial processes, making it important to find ways to minimize their negative effects.",https://www.sciencedirect.com/science/article/abs/pii/S0957582021000549,1
" Industrial furnaces can have a significant impact on the environment, with KPIs such as CO2-equivalent emissions, particulate matter emissions, nitrogen oxide emissions, sulfur dioxide emissions, wastewater volume, chemical oxygen demand, biochemical oxygen demand, solid waste volume, solid waste weight, and noise level all contributing to this impact.",https://www.sciencedirect.com/science/article/abs/pii/S0957582021000549,1
" Industrial furnaces are used in various industries to provide thermal energy for different purposes, such as melting metals, producing cement, or creating ceramics.",https://www.sciencedirect.com/science/article/abs/pii/S0957582021000549,2
" Industrial furnaces can have a significant environmental impact, particularly in terms of air pollution, water pollution, solid waste, noise level, and ecological consequence.",https://www.sciencedirect.com/science/article/abs/pii/S0957582021000549,2
" Despite their potential environmental impact, industrial furnaces are essential for many industrial processes, making it important to find ways to minimize their negative effects.",https://www.sciencedirect.com/science/article/abs/pii/S0957582021000549,2
" Industrial furnaces can have a significant impact on the environment, with KPIs such as CO2-equivalent emissions, particulate matter emissions, nitrogen oxide emissions, sulfur dioxide emissions, wastewater volume, chemical oxygen demand, biochemical oxygen demand, solid waste volume, solid waste weight, and noise level all contributing to this impact.",https://www.sciencedirect.com/science/article/abs/pii/S0957582021000549,2
" Industrial furnaces are used in various industries to provide thermal energy for different purposes, such as melting metals, producing cement, or creating ceramics.",https://www.machinemfg.com/industrial-furnaces/,1
" Industrial furnaces are used in various industries to provide thermal energy for different purposes, such as melting metals, producing cement, or creating ceramics.",https://www.energy.gov/eere/iedo/process-heat-basics,1
" Industrial furnaces are used in various industries to provide thermal energy for different purposes, such as melting metals, producing cement, or creating ceramics.",https://www.sciencedirect.com/science/article/pii/S0360544220318065,1
" Industrial furnaces are used in various industries to provide thermal energy for different purposes, such as melting metals, producing cement, or creating ceramics.",https://www.sciencedirect.com/science/article/pii/S1364032118302004,1
" Industrial furnaces are used in various industries to provide thermal energy for different purposes, such as melting metals, producing cement, or creating ceramics.",https://ceramics.org/about/what-are-engineered-ceramics-and-glass/brief-history-of-ceramics-and-glass/,1
" Industrial furnaces can have a significant environmental impact, particularly in terms of air pollution, water pollution, solid waste, noise level, and ecological consequence.",https://www.researchgate.net/publication/371554411_Ecodesign_for_Industrial_Furnaces_and_Ovens_A_Review_of_the_Current_Environmental_Legislation,1
" Despite their potential environmental impact, industrial furnaces are essential for many industrial processes, making it important to find ways to minimize their negative effects.",https://www.researchgate.net/publication/371554411_Ecodesign_for_Industrial_Furnaces_and_Ovens_A_Review_of_the_Current_Environmental_Legislation,1
" Industrial furnaces can have a significant environmental impact, particularly in terms of air pollution, water pollution, solid waste, noise level, and ecological consequence.",https://www.researchgate.net/publication/371554411_Ecodesign_for_Industrial_Furnaces_and_Ovens_A_Review_of_the_Current_Environmental_Legislation,2
" Despite their potential environmental impact, industrial furnaces are essential for many industrial processes, making it important to find ways to minimize their negative effects.",https://www.researchgate.net/publication/371554411_Ecodesign_for_Industrial_Furnaces_and_Ovens_A_Review_of_the_Current_Environmental_Legislation,2
" Industrial furnaces can have a significant environmental impact, particularly in terms of air pollution, water pollution, solid waste, noise level, and ecological consequence.",https://www.researchgate.net/publication/371554411_Ecodesign_for_Industrial_Furnaces_and_Ovens_A_Review_of_the_Current_Environmental_Legislation,3
" Despite their potential environmental impact, industrial furnaces are essential for many industrial processes, making it important to find ways to minimize their negative effects.",https://www.researchgate.net/publication/371554411_Ecodesign_for_Industrial_Furnaces_and_Ovens_A_Review_of_the_Current_Environmental_Legislation,3
" Industrial furnaces can have a significant environmental impact, particularly in terms of air pollution, water pollution, solid waste, noise level, and ecological consequence.",https://www.mdpi.com/2071-1050/15/12/9436,1
" Industrial furnaces can have a significant environmental impact, particularly in terms of air pollution, water pollution, solid waste, noise level, and ecological consequence.",https://www.mdpi.com/2071-1050/15/12/9436,2
" Industrial furnaces can have a significant environmental impact, particularly in terms of air pollution, water pollution, solid waste, noise level, and ecological consequence.",https://www.mdpi.com/2071-1050/15/12/9436,3
" Industrial furnaces can have a significant environmental impact, particularly in terms of air pollution, water pollution, solid waste, noise level, and ecological consequence.",https://www.researchgate.net/publication/348329452_Industrial_Air_Emission_Pollution_Potential_Sources_and_Sustainable_Mitigation,1
" Industrial furnaces can have a significant environmental impact, particularly in terms of air pollution, water pollution, solid waste, noise level, and ecological consequence.",https://www.sciencedirect.com/science/article/pii/S0306261920310631,1
" Industrial furnaces are used in various industries to provide thermal energy for different purposes, such as melting metals, producing cement, or creating ceramics.",https://www.sciencedirect.com/science/article/pii/S0957582021000549,1
" Industrial furnaces can have a significant environmental impact, particularly in terms of air pollution, water pollution, solid waste, noise level, and ecological consequence.",https://www.sciencedirect.com/science/article/pii/S0957582021000549,1
" Despite their potential environmental impact, industrial furnaces are essential for many industrial processes, making it important to find ways to minimize their negative effects.",https://www.sciencedirect.com/science/article/pii/S0957582021000549,1
" Industrial furnaces can have a significant impact on the environment, with KPIs such as CO2-equivalent emissions, particulate matter emissions, nitrogen oxide emissions, sulfur dioxide emissions, wastewater volume, chemical oxygen demand, biochemical oxygen demand, solid waste volume, solid waste weight, and noise level all contributing to this impact.",https://www.sciencedirect.com/science/article/pii/S0957582021000549,1
" Industrial furnaces are used in various industries to provide thermal energy for different purposes, such as melting metals, producing cement, or creating ceramics.",https://www.sciencedirect.com/science/article/pii/S0957582021000549,2
" Industrial furnaces can have a significant environmental impact, particularly in terms of air pollution, water pollution, solid waste, noise level, and ecological consequence.",https://www.sciencedirect.com/science/article/pii/S0957582021000549,2
" Despite their potential environmental impact, industrial furnaces are essential for many industrial processes, making it important to find ways to minimize their negative effects.",https://www.sciencedirect.com/science/article/pii/S0957582021000549,2
" Industrial furnaces can have a significant impact on the environment, with KPIs such as CO2-equivalent emissions, particulate matter emissions, nitrogen oxide emissions, sulfur dioxide emissions, wastewater volume, chemical oxygen demand, biochemical oxygen demand, solid waste volume, solid waste weight, and noise level all contributing to this impact.",https://www.sciencedirect.com/science/article/pii/S0957582021000549,2
" Industrial furnaces can have a significant environmental impact, particularly in terms of air pollution, water pollution, solid waste, noise level, and ecological consequence.",https://www.mdpi.com/2673-3951/3/1/3,2
" Industrial furnaces can have a significant environmental impact, particularly in terms of air pollution, water pollution, solid waste, noise level, and ecological consequence.",https://www.mdpi.com/1424-8220/20/11/3113,3
" Industrial furnaces can have a significant environmental impact, particularly in terms of air pollution, water pollution, solid waste, noise level, and ecological consequence.",https://www.mdpi.com/1424-8220/22/6/2340,3
" Industrial furnaces can have a significant environmental impact, particularly in terms of air pollution, water pollution, solid waste, noise level, and ecological consequence.",https://www.mdpi.com/1424-8220/20/8/2380,3
" Industrial furnaces can have a significant environmental impact, particularly in terms of air pollution, water pollution, solid waste, noise level, and ecological consequence.",https://www.mdpi.com/1996-1073/15/3/1105,3
" Industrial furnaces can have a significant environmental impact, particularly in terms of air pollution, water pollution, solid waste, noise level, and ecological consequence.",https://www.mdpi.com/1424-8220/21/18/6063,3
" Industrial furnaces can have a significant environmental impact, particularly in terms of air pollution, water pollution, solid waste, noise level, and ecological consequence.",https://www.mdpi.com/1424-8220/23/4/1791,3
" Industrial furnaces can have a significant environmental impact, particularly in terms of air pollution, water pollution, solid waste, noise level, and ecological consequence.",https://www.mdpi.com/1424-8220/20/16/4556,3
