Prompt,Answer
"What are different failure modes for each of the components of a standby generator? 
Provide them as a list","Answer:

1. Engine:
* Fuel starvation due to low fuel level or clogged fuel filter
* Oil starvation due to low oil level or clogged oil filter
* Overheating due to coolant loss or malfunctioning cooling system
* Mechanical failure due to worn or damaged engine components
* Electrical failure due to faulty wiring or electrical components
2. Alternator:
* Overheating due to excessive load or malfunctioning cooling system
* Electrical failure due to faulty wiring or electrical components
* Mechanical failure due to worn or damaged alternator components
* Brush failure due to worn or damaged brushes
3. Transfer Switch:
* Electrical failure due to faulty wiring or electrical components
* Mechanical failure due to worn or damaged transfer switch components
* Failure to transfer due to stuck or damaged switch
4. Battery:
* Failure due to low battery charge or aged batteries
* Electrical failure due to faulty wiring or electrical components
* Mechanical failure due to worn or damaged battery terminals or connections
5. Control Panel:
* Electrical failure due to faulty wiring or electrical components
* Mechanical failure due to worn or damaged control panel components
* Software failure due to malfunctioning software or firmware
6. Fuel System:
* Fuel starvation due to clogged fuel filter or malfunctioning fuel pump
* Leakage due to damaged or corroded fuel lines or connections
* Failure to prime due to malfunctioning fuel system components
7. Cooling System:
* Overheating due to malfunctioning cooling system components or low coolant level
* Leakage due to damaged or corroded cooling system components or connections
* Failure to circulate coolant due to malfunctioning cooling system pump
8. Exhaust System:
* Failure to exhaust due to clogged or damaged exhaust system components
* Leakage due to damaged or corroded exhaust system components or connections
* Overheating due to malfunctioning exhaust system components

Note: These are some of the possible failure modes for each component, and the actual failure modes may vary depending on the specific design and application of the standby generator."
Convert Previous Output to a JSON format with component and failure mode information,"{'Engine': ['Fuel starvation', 'Oil starvation', 'Overheating', 'Mechanical failure', 'Electrical failure'], 'Alternator': ['Overheating', 'Electrical failure', 'Mechanical failure', 'Brush failure'], 'Transfer Switch': ['Electrical failure', 'Mechanical failure', 'Failure to transfer'], 'Battery': ['Failure due to low battery charge', 'Electrical failure', 'Mechanical failure'], 'Control Panel': ['Electrical failure', 'Mechanical failure', 'Software failure'], 'Fuel System': ['Fuel starvation', 'Leakage', 'Failure to prime'], 'Cooling System': ['Overheating', 'Leakage', 'Failure to circulate coolant'], 'Exhaust System': ['Failure to exhaust', 'Leakage', 'Overheating']}"
"You are required to provide a list of sensors that are relevant to detect the failure event of Fuel starvation. Additionally, you need to describe the temporal behavior of these sensors.","Answer:

The following sensors are relevant to detect the failure event of Fuel starvation: 1. Temperature sensors: These sensors measure the temperature of the engine and its components. They are the most critical sensors to detect overheating. 2. Pressure sensors: These sensors measure the pressure of the engine's cooling system. An increase in pressure can indicate a failure in the cooling system, leading to overheating. 3. Flow rate sensors: These sensors measure the flow rate of the coolant through the engine's cooling system. A decrease in flow rate can indicate a failure in the cooling system, leading to overheating. 4. Power sensors: These sensors measure the power output of the engine. A decrease in power output can indicate a failure in the engine, leading to overheating. 5. Vibration sensors: These sensors measure the vibration of the engine and its components. An increase in vibration can indicate a failure in the engine, leading to overheating. The temporal behavior of these sensors can be described as follows: 1. Temperature sensors: The temperature of the engine and its components should remain within a normal operating range. An increase in temperature beyond this range can indicate overheating. The rate of change of temperature can also be an important factor, as a rapid increase in temperature can indicate a more severe failure. 2. Pressure sensors: The pressure of the engine's cooling system should remain within a normal operating range. An increase in pressure beyond this range can indicate a failure in the cooling system, leading to overheating. 3. Flow rate sensors: The flow rate of the coolant through the engine's cooling system should remain within a normal operating range. A decrease in flow rate beyond this range can indicate a failure in the cooling system, leading to overheating. 4. Power sensors: The power output of the engine should remain within a normal operating range. A decrease in power output beyond this range can indicate a failure in the engine, leading to overheating. 5. Vibration sensors: The vibration of the engine and its components should remain within a normal operating range. An increase in vibration beyond this range can indicate a failure in the engine, leading to overheating. By monitoring these sensors and analyzing their temporal behavior, the Data Science team can develop an anomaly detection algorithm that can detect the failure event of Overheating in the Standby Generator asset using IOT/OT sensor data. "
"Generate json object with three key: sensor name, temporal behavior, and description for a given failure event.","{'Fuel level sensor': {'temporal behavior': 'steady decrease', 'description': 'The fuel level sensor will show a steady decrease in fuel level over time as the generator consumes fuel, indicating a low fuel level that can lead to fuel starvation.'}, 'Fuel flow rate sensor': {'temporal behavior': 'decrease', 'description': 'The fuel flow rate sensor will show a decrease in fuel flow rate over time as the filter becomes clogged or fuel level decreases, indicating a decrease in fuel supply to the engine.'}, 'Engine temperature sensor': {'temporal behavior': 'increase', 'description': 'The engine temperature sensor will show an increase in temperature over time as the engine continues to run with a clogged filter or low fuel level, indicating a potential engine damage.'}, 'Engine performance sensor': {'temporal behavior': 'decrease', 'description': 'The engine performance sensor will show a decrease in engine performance over time as the filter becomes clogged or fuel level decreases, indicating a decrease in fuel supply to the engine.'}, 'Pressure sensor': {'temporal behavior': 'decrease', 'description': 'The pressure sensor will show a decrease in fuel pressure over time as the filter becomes clogged, indicating a potential engine damage.'}, 'Vibration sensor': {'temporal behavior': 'increase', 'description': 'The vibration sensor will show an increase in vibration over time as the filter becomes clogged or fuel level decreases, indicating a potential engine damage.'}, 'component': 'Engine', 'failure_mode': 'Fuel starvation due to low fuel level or clogged fuel filter'}"
