Both DS & SME,Data Scientist,,,
Both DS & SME,Data Scientist,,,
Both DS & SME,Subject Matter Expert,,,
Both DS & SME,Data Scientist,,,
Both DS & SME,Subject Matter Expert,,,
Both DS & SME,Data Scientist,,,
Both DS & SME,Data Scientist,,,
Subject Matter Expert,Data Scientist,,,
Subject Matter Expert,Both DS & SME,,,
Subject Matter Expert,Data Scientist,,,
Subject Matter Expert,Data Scientist,,,
Subject Matter Expert,Data Scientist,,,
Subject Matter Expert,Data Scientist,,,
Subject Matter Expert,Subject Matter Expert,,Y,Can you discuss the importance of domain expertise and knowledge of the wind turbine gearbox's physics and mechanics in developing and interpreting the algorithms and models used for anomaly detection and predictive maintenance?
Data Scientist,Data Scientist,,Y,Are there any emerging trends or technologies in wind turbine gearbox design or maintenance that could help reduce the likelihood of failure modes or improve detection and repair times?
Data Scientist,Subject Matter Expert,,,
Data Scientist,Both DS & SME,,,
Data Scientist,Both DS & SME,,,
Data Scientist,Both DS & SME,,,
Data Scientist,Subject Matter Expert,,,
