1,2b62b03e-5cbf-4dc7-9a57-90c2c411f59c,Q1,Both DS & SME
2,2b62b03e-5cbf-4dc7-9a57-90c2c411f59c,Q2,Both DS & SME
3,2b62b03e-5cbf-4dc7-9a57-90c2c411f59c,Q3,Both DS & SME
4,2b62b03e-5cbf-4dc7-9a57-90c2c411f59c,Q4,Both DS & SME
5,2b62b03e-5cbf-4dc7-9a57-90c2c411f59c,Q5,Data Scientist
6,2b62b03e-5cbf-4dc7-9a57-90c2c411f59c,Q6,Subject Matter Expert
7,2b62b03e-5cbf-4dc7-9a57-90c2c411f59c,Q7,Subject Matter Expert
8,2b62b03e-5cbf-4dc7-9a57-90c2c411f59c,Q8,Both DS & SME
9,2b62b03e-5cbf-4dc7-9a57-90c2c411f59c,Q9,Subject Matter Expert
10,2b62b03e-5cbf-4dc7-9a57-90c2c411f59c,Q10,Subject Matter Expert
11,2b62b03e-5cbf-4dc7-9a57-90c2c411f59c,Q11,Subject Matter Expert
12,2b62b03e-5cbf-4dc7-9a57-90c2c411f59c,Q12,Both DS & SME
13,2b62b03e-5cbf-4dc7-9a57-90c2c411f59c,Q13,Subject Matter Expert
14,2b62b03e-5cbf-4dc7-9a57-90c2c411f59c,Q14,Data Scientist
15,2b62b03e-5cbf-4dc7-9a57-90c2c411f59c,Q15,Both DS & SME
16,2b62b03e-5cbf-4dc7-9a57-90c2c411f59c,Q16,Data Scientist
17,2b62b03e-5cbf-4dc7-9a57-90c2c411f59c,Q17,Subject Matter Expert
18,2b62b03e-5cbf-4dc7-9a57-90c2c411f59c,Q18,Both DS & SME
19,2b62b03e-5cbf-4dc7-9a57-90c2c411f59c,Q19,Data Scientist
20,2b62b03e-5cbf-4dc7-9a57-90c2c411f59c,Q20,Data Scientist
21,f5343f6a-d5e2-46a8-81de-9550106a55d2,Q1,Both DS & SME
22,f5343f6a-d5e2-46a8-81de-9550106a55d2,Q2,Data Scientist
23,f5343f6a-d5e2-46a8-81de-9550106a55d2,Q3,Data Scientist
24,f5343f6a-d5e2-46a8-81de-9550106a55d2,Q4,Both DS & SME
25,f5343f6a-d5e2-46a8-81de-9550106a55d2,Q5,Data Scientist
26,f5343f6a-d5e2-46a8-81de-9550106a55d2,Q6,Data Scientist
27,f5343f6a-d5e2-46a8-81de-9550106a55d2,Q7,Data Scientist
28,f5343f6a-d5e2-46a8-81de-9550106a55d2,Q8,Subject Matter Expert
29,f5343f6a-d5e2-46a8-81de-9550106a55d2,Q9,Subject Matter Expert
30,f5343f6a-d5e2-46a8-81de-9550106a55d2,Q10,Subject Matter Expert
31,f5343f6a-d5e2-46a8-81de-9550106a55d2,Q11,Both DS & SME
32,f5343f6a-d5e2-46a8-81de-9550106a55d2,Q12,Data Scientist
33,f5343f6a-d5e2-46a8-81de-9550106a55d2,Q13,Subject Matter Expert
34,f5343f6a-d5e2-46a8-81de-9550106a55d2,Q14,Data Scientist
35,f5343f6a-d5e2-46a8-81de-9550106a55d2,Q15,Subject Matter Expert
36,f5343f6a-d5e2-46a8-81de-9550106a55d2,Q16,Both DS & SME
37,f5343f6a-d5e2-46a8-81de-9550106a55d2,Q17,Subject Matter Expert
38,f5343f6a-d5e2-46a8-81de-9550106a55d2,Q18,Data Scientist
39,f5343f6a-d5e2-46a8-81de-9550106a55d2,Q19,Data Scientist
40,f5343f6a-d5e2-46a8-81de-9550106a55d2,Q20,Data Scientist
41,885db72c-222e-4560-9ebe-b795bffdcdf3,Q1,Both DS & SME
42,885db72c-222e-4560-9ebe-b795bffdcdf3,Q2,Both DS & SME
43,885db72c-222e-4560-9ebe-b795bffdcdf3,Q3,Both DS & SME
44,885db72c-222e-4560-9ebe-b795bffdcdf3,Q4,Both DS & SME
45,885db72c-222e-4560-9ebe-b795bffdcdf3,Q5,Data Scientist
46,885db72c-222e-4560-9ebe-b795bffdcdf3,Q6,Data Scientist
47,885db72c-222e-4560-9ebe-b795bffdcdf3,Q7,Data Scientist
48,885db72c-222e-4560-9ebe-b795bffdcdf3,Q8,Both DS & SME
49,885db72c-222e-4560-9ebe-b795bffdcdf3,Q9,Subject Matter Expert
50,885db72c-222e-4560-9ebe-b795bffdcdf3,Q10,Subject Matter Expert
51,885db72c-222e-4560-9ebe-b795bffdcdf3,Q11,Both DS & SME
52,885db72c-222e-4560-9ebe-b795bffdcdf3,Q12,Both DS & SME
53,885db72c-222e-4560-9ebe-b795bffdcdf3,Q13,Subject Matter Expert
54,885db72c-222e-4560-9ebe-b795bffdcdf3,Q14,Both DS & SME
55,885db72c-222e-4560-9ebe-b795bffdcdf3,Q15,Both DS & SME
56,885db72c-222e-4560-9ebe-b795bffdcdf3,Q16,Data Scientist
57,885db72c-222e-4560-9ebe-b795bffdcdf3,Q17,Subject Matter Expert
58,885db72c-222e-4560-9ebe-b795bffdcdf3,Q18,Both DS & SME
59,885db72c-222e-4560-9ebe-b795bffdcdf3,Q19,Data Scientist
60,885db72c-222e-4560-9ebe-b795bffdcdf3,Q20,Data Scientist
61,a9eed7aa-d46f-4e7c-9803-8cc5ad7ec3ef,Q1,Both DS & SME
62,a9eed7aa-d46f-4e7c-9803-8cc5ad7ec3ef,Q2,Subject Matter Expert
63,a9eed7aa-d46f-4e7c-9803-8cc5ad7ec3ef,Q3,Data Scientist
64,a9eed7aa-d46f-4e7c-9803-8cc5ad7ec3ef,Q4,Both DS & SME
65,a9eed7aa-d46f-4e7c-9803-8cc5ad7ec3ef,Q5,Data Scientist
66,a9eed7aa-d46f-4e7c-9803-8cc5ad7ec3ef,Q6,Subject Matter Expert
67,a9eed7aa-d46f-4e7c-9803-8cc5ad7ec3ef,Q7,Subject Matter Expert
68,a9eed7aa-d46f-4e7c-9803-8cc5ad7ec3ef,Q8,Both DS & SME
69,a9eed7aa-d46f-4e7c-9803-8cc5ad7ec3ef,Q9,Data Scientist
70,a9eed7aa-d46f-4e7c-9803-8cc5ad7ec3ef,Q10,Subject Matter Expert
71,a9eed7aa-d46f-4e7c-9803-8cc5ad7ec3ef,Q11,Subject Matter Expert
72,a9eed7aa-d46f-4e7c-9803-8cc5ad7ec3ef,Q12,Both DS & SME
73,a9eed7aa-d46f-4e7c-9803-8cc5ad7ec3ef,Q13,Subject Matter Expert
74,a9eed7aa-d46f-4e7c-9803-8cc5ad7ec3ef,Q14,Both DS & SME
75,a9eed7aa-d46f-4e7c-9803-8cc5ad7ec3ef,Q15,Subject Matter Expert
76,a9eed7aa-d46f-4e7c-9803-8cc5ad7ec3ef,Q16,Both DS & SME
77,a9eed7aa-d46f-4e7c-9803-8cc5ad7ec3ef,Q17,Subject Matter Expert
78,a9eed7aa-d46f-4e7c-9803-8cc5ad7ec3ef,Q18,Data Scientist
79,a9eed7aa-d46f-4e7c-9803-8cc5ad7ec3ef,Q19,Subject Matter Expert
80,a9eed7aa-d46f-4e7c-9803-8cc5ad7ec3ef,Q20,Both DS & SME
81,6db8ea28-5780-47bd-9d62-90e445f78061,Q1,Subject Matter Expert
82,6db8ea28-5780-47bd-9d62-90e445f78061,Q2,Subject Matter Expert
83,6db8ea28-5780-47bd-9d62-90e445f78061,Q3,Both DS & SME
84,6db8ea28-5780-47bd-9d62-90e445f78061,Q4,Subject Matter Expert
85,6db8ea28-5780-47bd-9d62-90e445f78061,Q5,Both DS & SME
86,6db8ea28-5780-47bd-9d62-90e445f78061,Q6,Subject Matter Expert
87,6db8ea28-5780-47bd-9d62-90e445f78061,Q7,Data Scientist
88,6db8ea28-5780-47bd-9d62-90e445f78061,Q8,Subject Matter Expert
89,6db8ea28-5780-47bd-9d62-90e445f78061,Q9,Subject Matter Expert
90,6db8ea28-5780-47bd-9d62-90e445f78061,Q10,Subject Matter Expert
91,6db8ea28-5780-47bd-9d62-90e445f78061,Q11,Subject Matter Expert
92,6db8ea28-5780-47bd-9d62-90e445f78061,Q12,Subject Matter Expert
93,6db8ea28-5780-47bd-9d62-90e445f78061,Q13,Subject Matter Expert
94,6db8ea28-5780-47bd-9d62-90e445f78061,Q14,Subject Matter Expert
95,6db8ea28-5780-47bd-9d62-90e445f78061,Q15,Subject Matter Expert
96,6db8ea28-5780-47bd-9d62-90e445f78061,Q16,Data Scientist
97,6db8ea28-5780-47bd-9d62-90e445f78061,Q17,Subject Matter Expert
98,6db8ea28-5780-47bd-9d62-90e445f78061,Q18,Both DS & SME
99,6db8ea28-5780-47bd-9d62-90e445f78061,Q19,Data Scientist
100,6db8ea28-5780-47bd-9d62-90e445f78061,Q20,Data Scientist
101,891084af-771e-4323-bc97-1e304df01ba2,Q1,Subject Matter Expert
102,891084af-771e-4323-bc97-1e304df01ba2,Q2,Both DS & SME
103,891084af-771e-4323-bc97-1e304df01ba2,Q3,Subject Matter Expert
104,891084af-771e-4323-bc97-1e304df01ba2,Q4,Subject Matter Expert
105,891084af-771e-4323-bc97-1e304df01ba2,Q5,Data Scientist
106,891084af-771e-4323-bc97-1e304df01ba2,Q6,Subject Matter Expert
107,891084af-771e-4323-bc97-1e304df01ba2,Q7,Both DS & SME
108,891084af-771e-4323-bc97-1e304df01ba2,Q8,Both DS & SME
109,891084af-771e-4323-bc97-1e304df01ba2,Q9,Subject Matter Expert
110,891084af-771e-4323-bc97-1e304df01ba2,Q10,Subject Matter Expert
111,891084af-771e-4323-bc97-1e304df01ba2,Q11,Subject Matter Expert
112,891084af-771e-4323-bc97-1e304df01ba2,Q12,Subject Matter Expert
113,891084af-771e-4323-bc97-1e304df01ba2,Q13,Subject Matter Expert
114,891084af-771e-4323-bc97-1e304df01ba2,Q14,Both DS & SME
115,891084af-771e-4323-bc97-1e304df01ba2,Q15,Both DS & SME
116,891084af-771e-4323-bc97-1e304df01ba2,Q16,Data Scientist
117,891084af-771e-4323-bc97-1e304df01ba2,Q17,Subject Matter Expert
118,891084af-771e-4323-bc97-1e304df01ba2,Q18,Subject Matter Expert
119,891084af-771e-4323-bc97-1e304df01ba2,Q19,Both DS & SME
120,891084af-771e-4323-bc97-1e304df01ba2,Q20,Data Scientist
121,16339bcf-089d-40b3-b684-6e360f934133,Q1,Subject Matter Expert
122,16339bcf-089d-40b3-b684-6e360f934133,Q2,Subject Matter Expert
123,16339bcf-089d-40b3-b684-6e360f934133,Q3,Both DS & SME
124,16339bcf-089d-40b3-b684-6e360f934133,Q4,Subject Matter Expert
125,16339bcf-089d-40b3-b684-6e360f934133,Q5,Both DS & SME
126,16339bcf-089d-40b3-b684-6e360f934133,Q6,Both DS & SME
127,16339bcf-089d-40b3-b684-6e360f934133,Q7,Subject Matter Expert
128,16339bcf-089d-40b3-b684-6e360f934133,Q8,Subject Matter Expert
129,16339bcf-089d-40b3-b684-6e360f934133,Q9,Subject Matter Expert
130,16339bcf-089d-40b3-b684-6e360f934133,Q10,Subject Matter Expert
131,16339bcf-089d-40b3-b684-6e360f934133,Q11,Both DS & SME
132,16339bcf-089d-40b3-b684-6e360f934133,Q12,Both DS & SME
133,16339bcf-089d-40b3-b684-6e360f934133,Q13,Subject Matter Expert
134,16339bcf-089d-40b3-b684-6e360f934133,Q14,Both DS & SME
135,16339bcf-089d-40b3-b684-6e360f934133,Q15,Subject Matter Expert
136,16339bcf-089d-40b3-b684-6e360f934133,Q16,Subject Matter Expert
137,16339bcf-089d-40b3-b684-6e360f934133,Q17,Subject Matter Expert
138,16339bcf-089d-40b3-b684-6e360f934133,Q18,Subject Matter Expert
139,16339bcf-089d-40b3-b684-6e360f934133,Q19,Subject Matter Expert
140,16339bcf-089d-40b3-b684-6e360f934133,Q20,Data Scientist
141,2a04f35a-dedd-42ba-b36e-b400848c52ad,Q1,Both DS & SME
142,2a04f35a-dedd-42ba-b36e-b400848c52ad,Q2,Both DS & SME
143,2a04f35a-dedd-42ba-b36e-b400848c52ad,Q3,Both DS & SME
144,2a04f35a-dedd-42ba-b36e-b400848c52ad,Q4,Both DS & SME
145,2a04f35a-dedd-42ba-b36e-b400848c52ad,Q5,Both DS & SME
146,2a04f35a-dedd-42ba-b36e-b400848c52ad,Q6,Both DS & SME
147,2a04f35a-dedd-42ba-b36e-b400848c52ad,Q7,Both DS & SME
148,2a04f35a-dedd-42ba-b36e-b400848c52ad,Q8,Subject Matter Expert
149,2a04f35a-dedd-42ba-b36e-b400848c52ad,Q9,Subject Matter Expert
150,2a04f35a-dedd-42ba-b36e-b400848c52ad,Q10,Both DS & SME
151,2a04f35a-dedd-42ba-b36e-b400848c52ad,Q11,Both DS & SME
152,2a04f35a-dedd-42ba-b36e-b400848c52ad,Q12,Subject Matter Expert
153,2a04f35a-dedd-42ba-b36e-b400848c52ad,Q13,Both DS & SME
154,2a04f35a-dedd-42ba-b36e-b400848c52ad,Q14,Data Scientist
155,2a04f35a-dedd-42ba-b36e-b400848c52ad,Q15,Both DS & SME
156,2a04f35a-dedd-42ba-b36e-b400848c52ad,Q16,Both DS & SME
157,2a04f35a-dedd-42ba-b36e-b400848c52ad,Q17,Subject Matter Expert
158,2a04f35a-dedd-42ba-b36e-b400848c52ad,Q18,Data Scientist
159,2a04f35a-dedd-42ba-b36e-b400848c52ad,Q19,Both DS & SME
160,2a04f35a-dedd-42ba-b36e-b400848c52ad,Q20,Both DS & SME
161,2ce859c0-374a-45f0-be83-521b236bc8e0,Q1,Subject Matter Expert
162,2ce859c0-374a-45f0-be83-521b236bc8e0,Q2,Data Scientist
163,2ce859c0-374a-45f0-be83-521b236bc8e0,Q3,Both DS & SME
164,2ce859c0-374a-45f0-be83-521b236bc8e0,Q4,Subject Matter Expert
165,2ce859c0-374a-45f0-be83-521b236bc8e0,Q5,Data Scientist
166,2ce859c0-374a-45f0-be83-521b236bc8e0,Q6,Subject Matter Expert
167,2ce859c0-374a-45f0-be83-521b236bc8e0,Q7,Both DS & SME
168,2ce859c0-374a-45f0-be83-521b236bc8e0,Q8,Both DS & SME
169,2ce859c0-374a-45f0-be83-521b236bc8e0,Q9,Subject Matter Expert
170,2ce859c0-374a-45f0-be83-521b236bc8e0,Q10,Subject Matter Expert
171,2ce859c0-374a-45f0-be83-521b236bc8e0,Q11,Subject Matter Expert
172,2ce859c0-374a-45f0-be83-521b236bc8e0,Q12,Both DS & SME
173,2ce859c0-374a-45f0-be83-521b236bc8e0,Q13,Subject Matter Expert
174,2ce859c0-374a-45f0-be83-521b236bc8e0,Q14,Data Scientist
175,2ce859c0-374a-45f0-be83-521b236bc8e0,Q15,Both DS & SME
176,2ce859c0-374a-45f0-be83-521b236bc8e0,Q16,Both DS & SME
177,2ce859c0-374a-45f0-be83-521b236bc8e0,Q17,Subject Matter Expert
178,2ce859c0-374a-45f0-be83-521b236bc8e0,Q18,Subject Matter Expert
179,2ce859c0-374a-45f0-be83-521b236bc8e0,Q19,Both DS & SME
180,2ce859c0-374a-45f0-be83-521b236bc8e0,Q20,Data Scientist
181,c9153fca-d92b-4fa9-91b9-0551f4a1e8cf,Q1,Subject Matter Expert
182,c9153fca-d92b-4fa9-91b9-0551f4a1e8cf,Q2,Subject Matter Expert
183,c9153fca-d92b-4fa9-91b9-0551f4a1e8cf,Q3,Subject Matter Expert
184,c9153fca-d92b-4fa9-91b9-0551f4a1e8cf,Q4,Subject Matter Expert
185,c9153fca-d92b-4fa9-91b9-0551f4a1e8cf,Q5,Subject Matter Expert
186,c9153fca-d92b-4fa9-91b9-0551f4a1e8cf,Q6,Subject Matter Expert
187,c9153fca-d92b-4fa9-91b9-0551f4a1e8cf,Q7,Subject Matter Expert
188,c9153fca-d92b-4fa9-91b9-0551f4a1e8cf,Q8,Subject Matter Expert
189,c9153fca-d92b-4fa9-91b9-0551f4a1e8cf,Q9,Subject Matter Expert
190,c9153fca-d92b-4fa9-91b9-0551f4a1e8cf,Q10,Subject Matter Expert
191,c9153fca-d92b-4fa9-91b9-0551f4a1e8cf,Q11,Subject Matter Expert
192,c9153fca-d92b-4fa9-91b9-0551f4a1e8cf,Q12,Subject Matter Expert
193,c9153fca-d92b-4fa9-91b9-0551f4a1e8cf,Q13,Subject Matter Expert
194,c9153fca-d92b-4fa9-91b9-0551f4a1e8cf,Q14,Subject Matter Expert
195,c9153fca-d92b-4fa9-91b9-0551f4a1e8cf,Q15,Subject Matter Expert
196,c9153fca-d92b-4fa9-91b9-0551f4a1e8cf,Q16,Data Scientist
197,c9153fca-d92b-4fa9-91b9-0551f4a1e8cf,Q17,Subject Matter Expert
198,c9153fca-d92b-4fa9-91b9-0551f4a1e8cf,Q18,Subject Matter Expert
199,c9153fca-d92b-4fa9-91b9-0551f4a1e8cf,Q19,Subject Matter Expert
200,c9153fca-d92b-4fa9-91b9-0551f4a1e8cf,Q20,Subject Matter Expert
201,ca2dc038-a394-493a-8e2d-f6d2029773a5,Q1,Both DS & SME
202,ca2dc038-a394-493a-8e2d-f6d2029773a5,Q2,Subject Matter Expert
203,ca2dc038-a394-493a-8e2d-f6d2029773a5,Q3,Data Scientist
204,ca2dc038-a394-493a-8e2d-f6d2029773a5,Q4,Subject Matter Expert
205,ca2dc038-a394-493a-8e2d-f6d2029773a5,Q5,Data Scientist
206,ca2dc038-a394-493a-8e2d-f6d2029773a5,Q6,Both DS & SME
207,ca2dc038-a394-493a-8e2d-f6d2029773a5,Q7,Data Scientist
208,ca2dc038-a394-493a-8e2d-f6d2029773a5,Q8,Both DS & SME
209,ca2dc038-a394-493a-8e2d-f6d2029773a5,Q9,Subject Matter Expert
210,ca2dc038-a394-493a-8e2d-f6d2029773a5,Q10,Subject Matter Expert
211,ca2dc038-a394-493a-8e2d-f6d2029773a5,Q11,Subject Matter Expert
212,ca2dc038-a394-493a-8e2d-f6d2029773a5,Q12,Both DS & SME
213,ca2dc038-a394-493a-8e2d-f6d2029773a5,Q13,Subject Matter Expert
214,ca2dc038-a394-493a-8e2d-f6d2029773a5,Q14,Data Scientist
215,ca2dc038-a394-493a-8e2d-f6d2029773a5,Q15,Both DS & SME
216,ca2dc038-a394-493a-8e2d-f6d2029773a5,Q16,Both DS & SME
217,ca2dc038-a394-493a-8e2d-f6d2029773a5,Q17,Subject Matter Expert
218,ca2dc038-a394-493a-8e2d-f6d2029773a5,Q18,Both DS & SME
219,ca2dc038-a394-493a-8e2d-f6d2029773a5,Q19,Both DS & SME
220,ca2dc038-a394-493a-8e2d-f6d2029773a5,Q20,Data Scientist
221,48b9c802-a224-4012-a7dc-f961b233eb2b,Q1,Subject Matter Expert
222,48b9c802-a224-4012-a7dc-f961b233eb2b,Q2,Both DS & SME
223,48b9c802-a224-4012-a7dc-f961b233eb2b,Q3,Subject Matter Expert
224,48b9c802-a224-4012-a7dc-f961b233eb2b,Q4,Subject Matter Expert
225,48b9c802-a224-4012-a7dc-f961b233eb2b,Q5,Data Scientist
226,48b9c802-a224-4012-a7dc-f961b233eb2b,Q6,Subject Matter Expert
227,48b9c802-a224-4012-a7dc-f961b233eb2b,Q7,Both DS & SME
228,48b9c802-a224-4012-a7dc-f961b233eb2b,Q8,Both DS & SME
229,48b9c802-a224-4012-a7dc-f961b233eb2b,Q9,Subject Matter Expert
230,48b9c802-a224-4012-a7dc-f961b233eb2b,Q10,Subject Matter Expert
231,48b9c802-a224-4012-a7dc-f961b233eb2b,Q11,Subject Matter Expert
232,48b9c802-a224-4012-a7dc-f961b233eb2b,Q12,Subject Matter Expert
233,48b9c802-a224-4012-a7dc-f961b233eb2b,Q13,Subject Matter Expert
234,48b9c802-a224-4012-a7dc-f961b233eb2b,Q14,Data Scientist
235,48b9c802-a224-4012-a7dc-f961b233eb2b,Q15,Both DS & SME
236,48b9c802-a224-4012-a7dc-f961b233eb2b,Q16,Subject Matter Expert
237,48b9c802-a224-4012-a7dc-f961b233eb2b,Q17,Subject Matter Expert
238,48b9c802-a224-4012-a7dc-f961b233eb2b,Q18,Subject Matter Expert
239,48b9c802-a224-4012-a7dc-f961b233eb2b,Q19,Subject Matter Expert
240,48b9c802-a224-4012-a7dc-f961b233eb2b,Q20,Data Scientist
241,a72cdc83-f895-4ae9-af65-90dfbe25deab,Q1,Subject Matter Expert
242,a72cdc83-f895-4ae9-af65-90dfbe25deab,Q2,Both DS & SME
243,a72cdc83-f895-4ae9-af65-90dfbe25deab,Q3,Both DS & SME
244,a72cdc83-f895-4ae9-af65-90dfbe25deab,Q4,Both DS & SME
245,a72cdc83-f895-4ae9-af65-90dfbe25deab,Q5,Both DS & SME
246,a72cdc83-f895-4ae9-af65-90dfbe25deab,Q6,Subject Matter Expert
247,a72cdc83-f895-4ae9-af65-90dfbe25deab,Q7,Both DS & SME
248,a72cdc83-f895-4ae9-af65-90dfbe25deab,Q8,Both DS & SME
249,a72cdc83-f895-4ae9-af65-90dfbe25deab,Q9,Subject Matter Expert
250,a72cdc83-f895-4ae9-af65-90dfbe25deab,Q10,Both DS & SME
251,a72cdc83-f895-4ae9-af65-90dfbe25deab,Q11,Subject Matter Expert
252,a72cdc83-f895-4ae9-af65-90dfbe25deab,Q12,Subject Matter Expert
253,a72cdc83-f895-4ae9-af65-90dfbe25deab,Q13,Subject Matter Expert
254,a72cdc83-f895-4ae9-af65-90dfbe25deab,Q14,Both DS & SME
255,a72cdc83-f895-4ae9-af65-90dfbe25deab,Q15,Subject Matter Expert
256,a72cdc83-f895-4ae9-af65-90dfbe25deab,Q16,Both DS & SME
257,a72cdc83-f895-4ae9-af65-90dfbe25deab,Q17,Subject Matter Expert
258,a72cdc83-f895-4ae9-af65-90dfbe25deab,Q18,Subject Matter Expert
259,a72cdc83-f895-4ae9-af65-90dfbe25deab,Q19,Both DS & SME
260,a72cdc83-f895-4ae9-af65-90dfbe25deab,Q20,Data Scientist
261,a3af6958-a14e-4c88-881f-9694c40fccbc,Q1,Subject Matter Expert
262,a3af6958-a14e-4c88-881f-9694c40fccbc,Q2,Subject Matter Expert
263,a3af6958-a14e-4c88-881f-9694c40fccbc,Q3,Subject Matter Expert
264,a3af6958-a14e-4c88-881f-9694c40fccbc,Q4,Both DS & SME
265,a3af6958-a14e-4c88-881f-9694c40fccbc,Q5,Data Scientist
266,a3af6958-a14e-4c88-881f-9694c40fccbc,Q6,Subject Matter Expert
267,a3af6958-a14e-4c88-881f-9694c40fccbc,Q7,Subject Matter Expert
268,a3af6958-a14e-4c88-881f-9694c40fccbc,Q8,Both DS & SME
269,a3af6958-a14e-4c88-881f-9694c40fccbc,Q9,Subject Matter Expert
270,a3af6958-a14e-4c88-881f-9694c40fccbc,Q10,Subject Matter Expert
271,a3af6958-a14e-4c88-881f-9694c40fccbc,Q11,Data Scientist
272,a3af6958-a14e-4c88-881f-9694c40fccbc,Q12,Both DS & SME
273,a3af6958-a14e-4c88-881f-9694c40fccbc,Q13,Both DS & SME
274,a3af6958-a14e-4c88-881f-9694c40fccbc,Q14,Both DS & SME
275,a3af6958-a14e-4c88-881f-9694c40fccbc,Q15,Both DS & SME
276,a3af6958-a14e-4c88-881f-9694c40fccbc,Q16,Both DS & SME
277,a3af6958-a14e-4c88-881f-9694c40fccbc,Q17,Subject Matter Expert
278,a3af6958-a14e-4c88-881f-9694c40fccbc,Q18,Subject Matter Expert
279,a3af6958-a14e-4c88-881f-9694c40fccbc,Q19,Data Scientist
280,a3af6958-a14e-4c88-881f-9694c40fccbc,Q20,Data Scientist
281,0a61c6bd-2d62-4d59-b290-e357aa5dd1b0,Q1,Subject Matter Expert
282,0a61c6bd-2d62-4d59-b290-e357aa5dd1b0,Q2,Both DS & SME
283,0a61c6bd-2d62-4d59-b290-e357aa5dd1b0,Q3,Data Scientist
284,0a61c6bd-2d62-4d59-b290-e357aa5dd1b0,Q4,Both DS & SME
285,0a61c6bd-2d62-4d59-b290-e357aa5dd1b0,Q5,Data Scientist
286,0a61c6bd-2d62-4d59-b290-e357aa5dd1b0,Q6,Subject Matter Expert
287,0a61c6bd-2d62-4d59-b290-e357aa5dd1b0,Q7,Subject Matter Expert
288,0a61c6bd-2d62-4d59-b290-e357aa5dd1b0,Q8,Data Scientist
289,0a61c6bd-2d62-4d59-b290-e357aa5dd1b0,Q9,Subject Matter Expert
290,0a61c6bd-2d62-4d59-b290-e357aa5dd1b0,Q10,Subject Matter Expert
291,0a61c6bd-2d62-4d59-b290-e357aa5dd1b0,Q11,Subject Matter Expert
292,0a61c6bd-2d62-4d59-b290-e357aa5dd1b0,Q12,Subject Matter Expert
293,0a61c6bd-2d62-4d59-b290-e357aa5dd1b0,Q13,Subject Matter Expert
294,0a61c6bd-2d62-4d59-b290-e357aa5dd1b0,Q14,Both DS & SME
295,0a61c6bd-2d62-4d59-b290-e357aa5dd1b0,Q15,Data Scientist
296,0a61c6bd-2d62-4d59-b290-e357aa5dd1b0,Q16,Both DS & SME
297,0a61c6bd-2d62-4d59-b290-e357aa5dd1b0,Q17,Subject Matter Expert
298,0a61c6bd-2d62-4d59-b290-e357aa5dd1b0,Q18,Subject Matter Expert
299,0a61c6bd-2d62-4d59-b290-e357aa5dd1b0,Q19,Subject Matter Expert
300,0a61c6bd-2d62-4d59-b290-e357aa5dd1b0,Q20,Both DS & SME
301,d35f771e-f4be-403b-90da-eb0e61790007,Q1,Subject Matter Expert
302,d35f771e-f4be-403b-90da-eb0e61790007,Q2,Both DS & SME
303,d35f771e-f4be-403b-90da-eb0e61790007,Q3,Data Scientist
304,d35f771e-f4be-403b-90da-eb0e61790007,Q4,Both DS & SME
305,d35f771e-f4be-403b-90da-eb0e61790007,Q5,Both DS & SME
306,d35f771e-f4be-403b-90da-eb0e61790007,Q6,Subject Matter Expert
307,d35f771e-f4be-403b-90da-eb0e61790007,Q7,Data Scientist
308,d35f771e-f4be-403b-90da-eb0e61790007,Q8,Both DS & SME
309,d35f771e-f4be-403b-90da-eb0e61790007,Q9,Subject Matter Expert
310,d35f771e-f4be-403b-90da-eb0e61790007,Q10,Data Scientist
311,d35f771e-f4be-403b-90da-eb0e61790007,Q11,Data Scientist
312,d35f771e-f4be-403b-90da-eb0e61790007,Q12,Both DS & SME
313,d35f771e-f4be-403b-90da-eb0e61790007,Q13,Both DS & SME
314,d35f771e-f4be-403b-90da-eb0e61790007,Q14,Both DS & SME
315,d35f771e-f4be-403b-90da-eb0e61790007,Q15,Subject Matter Expert
316,d35f771e-f4be-403b-90da-eb0e61790007,Q16,Both DS & SME
317,d35f771e-f4be-403b-90da-eb0e61790007,Q17,None of the above
318,d35f771e-f4be-403b-90da-eb0e61790007,Q18,Data Scientist
319,d35f771e-f4be-403b-90da-eb0e61790007,Q19,Both DS & SME
320,d35f771e-f4be-403b-90da-eb0e61790007,Q20,Both DS & SME
321,3582c4ce-d8df-47d0-a387-7dfae14377a8,Q1,Both DS & SME
322,3582c4ce-d8df-47d0-a387-7dfae14377a8,Q2,Both DS & SME
323,3582c4ce-d8df-47d0-a387-7dfae14377a8,Q3,Both DS & SME
324,3582c4ce-d8df-47d0-a387-7dfae14377a8,Q4,Both DS & SME
325,3582c4ce-d8df-47d0-a387-7dfae14377a8,Q5,Both DS & SME
326,3582c4ce-d8df-47d0-a387-7dfae14377a8,Q6,Both DS & SME
327,3582c4ce-d8df-47d0-a387-7dfae14377a8,Q7,Both DS & SME
328,3582c4ce-d8df-47d0-a387-7dfae14377a8,Q8,Subject Matter Expert
329,3582c4ce-d8df-47d0-a387-7dfae14377a8,Q9,Subject Matter Expert
330,3582c4ce-d8df-47d0-a387-7dfae14377a8,Q10,Subject Matter Expert
331,3582c4ce-d8df-47d0-a387-7dfae14377a8,Q11,Subject Matter Expert
332,3582c4ce-d8df-47d0-a387-7dfae14377a8,Q12,Subject Matter Expert
333,3582c4ce-d8df-47d0-a387-7dfae14377a8,Q13,Subject Matter Expert
334,3582c4ce-d8df-47d0-a387-7dfae14377a8,Q14,Subject Matter Expert
335,3582c4ce-d8df-47d0-a387-7dfae14377a8,Q15,Data Scientist
336,3582c4ce-d8df-47d0-a387-7dfae14377a8,Q16,Data Scientist
337,3582c4ce-d8df-47d0-a387-7dfae14377a8,Q17,Data Scientist
338,3582c4ce-d8df-47d0-a387-7dfae14377a8,Q18,Data Scientist
339,3582c4ce-d8df-47d0-a387-7dfae14377a8,Q19,Data Scientist
340,3582c4ce-d8df-47d0-a387-7dfae14377a8,Q20,Data Scientist
