questions,round
"In your experience, how often have you seen ESP systems fail due to inadequate maintenance or lack of regular inspections?",1
How can data analysis and predictive modeling be used to proactively identify and mitigate potential sucker rod failures before they occur?,1
"What are the key factors that can affect the reliability of an ESP, and how do they impact the pump's operation and maintenance?",1
"What are the regulatory requirements and industry standards related to the design, operation, and maintenance of ESPs, and how do they impact the reliability and safety of the equipment?",1
How can the consequences of sucker rod failure be minimized during unplanned downtime?,1
"How do environmental factors, such as temperature, humidity, and contaminants, impact the bearing life and performance in ESP systems, and what measures can be taken to mitigate their effects?",1
How can regular inspections and maintenance schedules help in identifying and preventing sucker rod failures?,1
What type of pump is typically used in the pump section of an ESP?,0
What are the potential consequences of not addressing rotor imbalance in Electric Submersible Pumps (ESP)?,1
How can organizations ensure that the FMEA analysis results are effectively implemented and integrated into the overall maintenance strategy?,1
What are the consequences of rotor imbalance in ESP for operational efficiency and maintenance costs?,1
"What is the expected timeline for conducting an FMEA for an ESP, from start to finish? Can you break down the various stages and milestones involved in the process?",1
Can you describe a failure effect that could occur in the cable of an ESP?,0
How can potential issues with ESP systems be identified and addressed before they lead to more significant problems or failures?,1
"What are the key factors that affect the design and selection of armored cables for ESP systems, and how do they influence the overall performance of the system?",1
How does the ESP system's design impact its overall cost-effectiveness?,1
"How can regular inspections, maintenance, and timely repairs help prevent rotor imbalance in ESP systems?",1
"What are the consequences of operating an ESP outside its design limits, and how can they be mitigated?",1
What are the consequences of not adhering to the recommended maintenance schedules for ESP systems?,1
How can organizations ensure that the root cause analysis process is continuously improved and updated to address emerging challenges and opportunities?,1
What future trends and technologies are likely to impact ESP maintenance and how can they be integrated into the maintenance procedures to improve reliability and efficiency?,1
How can the reliability and lifespan of ESP systems be improved through effective maintenance and monitoring?,1
What are the potential consequences if the lubrication system in an ESP fails or is not maintained properly?,1
How can we ensure that the preventive measures are effective in preventing control system failure?,1
"Can you provide any recommendations for further research or resources related to the design, maintenance, and operation of ESP systems?",1
Can you explain the role of an FMEA in the overall maintenance strategy for an ESP? How does it help optimize maintenance schedules and prevent failures before they occur?,1
How can the risk of water ingress be minimized during the installation and commissioning of ESP systems?,1
Are there any industry best practices or standards for addressing sucker rod failure in ESP systems?,1
Can you share any best practices or recommendations for conducting FMEA analyses of ESP systems to ensure their reliability and longevity?,1
"Can you provide any case studies or examples of ESPs that have experienced severe failures, and what lessons can be learned from these experiences?",1
"What are the potential consequences of sucker rod failure, both in terms of equipment damage and operational downtime, and how can they be minimized?",1
Are there any specific challenges or considerations when implementing preventive measures for ESP control systems?,1
"What are the potential safety hazards associated with stator winding failure, and how can they be mitigated to ensure worker safety?",1
"How can ESP system performance be optimized, and what are the key factors that contribute to optimal performance?",1
Can you provide some examples of real-world case studies where sucker rod failures have been addressed and mitigated effectively?,1
What are the potential effects of bearing failure on the overall performance and safety of the ESP?,0
How often should cable inspections and maintenance be conducted to prevent cable failure and ensure system reliability?,1
"What are the key elements of a structured approach to conducting an FMEA for an ESP, and how can data be effectively gathered and analyzed in this process?",0
"What are the key factors to consider when selecting a drainage system for ESP systems, and how can they be optimized?",1
"Are there any common challenges or pitfalls when conducting an FMEA for an ESP, and how can they be avoided?",1
"How do industry standards and regulations impact the design, operation, and maintenance of ESP pump sections, and what are the potential consequences of non-compliance?",1
"In your experience, what are the most important factors to consider when selecting the appropriate FMEA methodology for an ESP, and how does this choice impact the overall FMEA process?",1
"How do armored cables compare to other types of cables in terms of durability, reliability, and resistance to harsh subsea conditions?",1
"Can you describe some common causes of power supply system failure in ESP, and how do they impact the overall system functionality?",1
Can you describe a failure cause that could occur in the pump section of an ESP?,0
How can regular inspections and timely replacement of worn-out components help mitigate the risk of bearing failure in ESPs?,1
"In your opinion, what are the key skills or expertise needed to perform a root cause analysis effectively, and how can organizations ensure that they have the necessary resources to support these requirements?",1
"In your opinion, how can the FMEA process be improved to better address the risks associated with ESP systems? Are there any new methods or techniques you would recommend?",1
How can the maintenance schedules for ESP systems be optimized based on the specific conditions and needs of the system?,1
What are the potential consequences of not adhering to regulatory requirements and industry standards for ESP maintenance and inspection programs?,1
"How do armored cables impact the safety and efficiency of ESP systems, and what measures can be taken to minimize potential risks associated with their use?",1
"Can you provide more information about the failure mode ""rotor imbalance""? What are the common causes of rotor imbalance in an Electrical Submersible Pump?",0
What are the best practices for maintaining and replacing cables in ESP systems to ensure their long-term reliability?,1
"How can regular maintenance be implemented to prevent stator winding failure, and what are the key components of a regular maintenance program?",1
"Can you provide an example of each type of failure mode (control system failure, power supply failure, communication failure, mechanical failure, and electrical failure) that you mentioned in the summary?",1
"Can you provide an example of a successful FMEA conducted for an ESP, and walk us through the key steps and findings of the process?",1
How does the coupling in the power section facilitate the transfer of rotational mechanical energy from the electric motor to the pump? Are there any design considerations or materials used in the coupling that are important to consider?,1
"How often should ESP cables be replaced due to abrasion, and what factors should be considered in this decision-making process?",1
What measures can be taken to ensure the long-term reliability and efficiency of ESP systems?,1
How can the risk of rotor imbalance-related failures be minimized in ESP?,1
Can you describe the typical maintenance procedures for an ESP?,0
How do you ensure that the FMEA analysis results are regularly reviewed and updated to account for changes in the ESP system or its operating conditions?,1
How can an FMEA be used to identify and prioritize risks associated with ESP failures?,0
What are the common causes of pump seal failure in ESP systems?,1
"How can data be effectively visualized and presented to stakeholders in an ESP FMEA, and what tools or techniques can be used for this purpose?",1
Can you discuss any strategies or best practices for maintaining and monitoring the pump section of an ESP to prevent failures?,1
Can you describe a failure effect that could occur in the power section of an ESP?,0
"What are the potential consequences of not performing regular maintenance on an ESP system, and how can they be avoided or mitigated?",1
"In your experience, how often have you seen ESP systems fail due to the failure modes identified in the FMEA process?",1
"How can the performance and reliability of ESPs be monitored and evaluated over time, and what are the key performance indicators (KPIs) that should be tracked?",1
"Can you provide any case studies or examples of ESP systems in operation, highlighting their performance and reliability in real-world applications?",1
"Can you provide any best practices or recommendations for conducting an FMEA analysis of ESP systems, based on your experience?",1
"Can you provide an overview of the FMEA process and its relevance to the ESP industry, and how it is typically applied in ESP design, operation, and maintenance?",1
"Can you describe the typical maintenance schedule for an ESP system, including any specific tasks or intervals that should be performed?",1
"Based on your experience, what are the key steps and considerations in conducting an FMEA for an ESP, and what tools or techniques are commonly used to facilitate the process?",1
"How can the FMEA process help improve product quality, reduce costs, and enhance safety in ESP systems? Can you provide specific examples or case studies where this has been achieved?",1
"How can overheating be prevented in ESP systems, and what are the potential consequences if not addressed?",1
How does the FMEA methodology help in identifying and addressing potential bearing failure modes in ESP systems?,1
"What are the key factors to consider when selecting bearings for ESP systems, and how do they impact the overall performance and longevity of the system?",1
What is the primary function of the pump section in an ESP?,0
"Are there any industry standards or guidelines related to pump seal failure in ESP systems, and how can they be used to ensure compliance and improve safety?",1
Are there any emerging trends or technologies in the field of sucker rod failure prevention and mitigation that you would like to share?,1
How do you balance the need for regular maintenance and inspections with the operational constraints and costs associated with ESP systems?,1
"Are there any industry standards or guidelines related to rotor imbalance in ESP systems, and if so, what are they?",1
"Can you describe the process for selecting the right type of steel for sucker rods, considering factors such as strength, hardness, and fatigue resistance?",1
"Can you explain the role of environmental factors in the failure modes of ESPs, and how can they be accounted for in the design and operation of these pumps?",1
"Can you describe the potential consequences of sucker rod failure, including financial and operational impacts?",1
"What are the key factors to consider when implementing preventive maintenance programs for ESP systems, and how often should these programs be conducted?",1
Can you provide any recommendations for monitoring and maintaining ESP systems to ensure their reliability and longevity?,1
Can you provide an example of a failure mode that was identified during an FMEA of an ESP system and explain how it was addressed?,1
What are the future trends and advancements in ESP technology that could potentially address overheating and other reliability issues?,1
Can you describe a failure cause that could occur in the cable of an ESP?,0
Can you describe the typical failure modes associated with the cable of an ESP and how they can be mitigated?,1
"What are the common failure modes of ESPs, and how can they be prevented or mitigated?",1
What are the key components of an ESP system that should be inspected during regular maintenance?,1
How can we monitor and detect control system failure in real-time or near real-time?,1
"What are the consequences of not following the recommended maintenance procedures for an ESP, and how can they impact the overall performance and lifespan of the equipment?",1
Are there any industry standards or regulations related to the maintenance and operation of ESP systems that should be followed?,1
"Can you provide recommendations for addressing human error in ESP operations, and how can these measures contribute to improved reliability and reduced maintenance costs?",1
"How can regular inspections and timely maintenance help prevent power supply system failures in ESP, and what are the benefits of doing so?",1
Can you provide recommendations for monitoring the condition of the lubrication system in an ESP to prevent failures?,1
"Can you share some examples of FMEAs conducted for ESP systems, highlighting the findings and recommendations derived from the analysis?",1
Can you describe a failure mode that could occur in the pump section of an ESP?,0
What role does condition monitoring and predictive maintenance play in ensuring the reliable operation of ESPs?,1
"How do you ensure that the risk assessment process is integrated with the design, manufacturing, and operational phases of ESP lifecycle?",1
How can the risk of shaft failure be mitigated during the design phase of an ESP?,1
"What are the potential costs associated with seal failure in an ESP system, including direct and indirect costs?",1
Are there any regulatory requirements or industry standards related to the maintenance and inspection of the power supply system in ESP?,1
How can sucker rod failure be prevented or mitigated in ESP systems?,1
"Can you describe the factors that contribute to the failure modes of an ESP, and what are the potential consequences of these failures?",1
"Can you provide an example of a FMEA analysis for ESP bearings, including the steps and considerations taken during the analysis?",1
How do the conditions under which the sucker rods are subjected to stress impact their overall lifespan and failure rate?,1
How can the insulation system be protected from damage due to overheating in an ESP?,1
"What are the factors that contribute to the failure modes of an ESP, and what are the potential consequences of these failures?",0
"What are some potential failure modes or scenarios that could affect the power section of an ESP system, and how can they be mitigated or prevented?",1
How can the efficiency and productivity of an ESP be maintained during its operational life?,1
"How often should pump seals be inspected and maintained in ESP systems, and what are the best practices for these inspections?",1
How can we prevent control system failure in ESP systems?,1
Can you provide an example of a failure mode that has been identified and addressed through an FMEA for an ESP?,1
Can you discuss any recent trends or advancements in FMEA methodology or ESP reliability engineering that you believe could improve the FMEA process for ESP analysis?,1
"How does the ESP's design and operation impact its overall reliability and lifespan, and what measures can be taken to ensure long-term performance?",1
How can the risk of sucker rod failure be quantitatively assessed and managed?,1
"How is the performance of an ESP system monitored and controlled, and what tools or techniques are used for this purpose?",1
"In your experience, what best practices should be followed to ensure the long-term reliability and efficiency of an ESP, and how can these practices be integrated into the regular maintenance procedures?",1
"How can the lessons learned from cable failures in ESP systems be applied to improve the design, manufacturing, and maintenance processes of ESP systems?",1
How can we measure the effectiveness of our maintenance and inspection programs for the power supply system in ESP?,1
"What are the potential consequences of water ingress in ESP systems, and how can they be avoided?",1
What are the potential consequences of cable failure due to abrasion in an ESP system?,1
"In your experience, how has the application of these standards and guidelines impacted the reliability and safety of ESP systems, and what best practices have emerged as a result?",1
What are the potential effects of cable failure on the overall performance and safety of the ESP?,0
"What are the consequences of not addressing mechanical failures in the pump section of an ESP, and how can they be minimized?",1
How can the risk of cable failure due to abrasion be quantified and evaluated in an FMEA?,1
"In the context of an ESP, what are some common failure modes that are typically considered in an FMEA?",1
How can the consequences of seal failure be mitigated in the event of an emergency?,1
"What are the typical failure modes for an ESP, and how do they typically occur?",0
Can you share any case studies or examples of ESP control systems experiencing control system failure and the consequences?,1
"Can you provide any recommendations for selecting and evaluating ESP components, considering factors such as reliability, efficiency, and cost-effectiveness?",1
"What are the common causes of cable failure in ESP systems, and how can they be mitigated?",1
"How do these industry standards and guidelines address the unique challenges and considerations associated with ESP systems, and what additional measures or best practices should be considered to ensure comprehensive FMEA coverage?",1
"In your experience, what are the most common challenges that organizations face when conducting a root cause analysis, and how can these challenges be mitigated?",1
"What are the key components of a reliable lubrication system for an ESP, and how often should they be inspected and maintained?",1
"How can the power section of an ESP system be designed and engineered to minimize wear, tear, and failure rates, and to maximize its lifespan and reliability?",1
Can you describe the typical failure modes associated with the sucker rods in the ESP and how they can be mitigated?,0
Can you provide any case studies or examples of ESP maintenance projects where effective strategies were implemented to improve reliability and reduce downtime?,1
"What role does a drainage system play in preventing water ingress in ESP systems, and how should it be implemented?",1
"Can you explain the specific design features of the protector, also known as a gas-liquid separator, in an ESP system?",1
"Can you describe a failure cause that could occur in the cable of an ESP, and how it can be mitigated?",1
"In your experience, how often have you seen ESP systems fail due to the failure modes and effects analyzed during an FMEA?",1
"What are the key components of an ESP system, and what are their functions?",1
"How can electrical failures in an ESP be prevented or mitigated, and what are the potential safety hazards associated with these failures?",1
"How can water quality issues affect the performance and lifespan of ESP systems, and what measures can be taken to mitigate these effects?",1
How can the risk of high voltage arcing be communicated to and understood by ESP operators and maintenance personnel?,1
"What are the common causes of cable failures in ESP systems, and how can they be mitigated?",1
"What are the common causes of bearing failure in ESPs, and how do they contribute to the overall failure of the system?",1
"In your opinion, what are the key challenges in conducting an FMEA for ESP systems, and how can they be overcome?",1
In what ways can the efficiency of an ESP be improved?,1
What type of cable is typically used in the ESP and how does its quality affect the system's performance?,0
"In the context of an ESP FMEA, what are the key performance indicators (KPIs) that should be tracked and monitored to ensure the effectiveness and efficiency of the FMEA process?",1
"What are the best practices for maintaining and inspecting ESPs to prevent or mitigate failure modes, and how often should these activities be performed?",1
"What are the consequences of pump seal failure in ESP systems, and how can they be minimized?",1
What are the recommended procedures for conducting rotor imbalance inspections in ESP?,1
What are the key components of a power section in an ESP system and what are their specific functions?,1
"Can you provide recommendations for selecting and maintaining ESP components, considering factors such as cost, availability, and reliability?",1
"How do armored cables ensure reliable power transmission in the presence of various challenges, such as high temperatures, pressures, and corrosive substances?",1
"Can you describe a failure cause that could occur in the sucker rods of an ESP, and how it can be mitigated?",1
"What are the common causes of water ingress in ESP systems, and how can they be mitigated?",1
"How can ESPs be monitored and diagnosed for bearing failure, and what tools and techniques are available for predictive and preventive maintenance?",1
Can you provide more details about the specific types of wear and tear that can occur in ESP systems?,1
"How can operators ensure that the FMEA analysis and corrective actions are effectively implemented and monitored in the field, ensuring continuous improvement and risk reduction?",1
Can you describe the typical corrective actions taken for ESP failures and how they contribute to the system's overall reliability?,0
"What are the most common issues or challenges associated with armored cables in ESP systems, and how can they be mitigated or avoided to ensure optimal system performance and longevity?",1
Can you describe a failure mode that could occur in the power section of an ESP?,0
"Are there any best practices or guidelines for conducting an FMEA (Failure Mode and Effects Analysis) for ESP systems, and if so, can you provide some examples or resources?",1
"Can you provide more information about the failure mode ""stator winding failure""? What are the common causes of stator winding failure in an Electrical Submersible Pump?",0
How does the protector prevent damage to the pump in case of gas or liquid entering the system?,1
"What are the key factors to consider when selecting the type of cable for an ESP, and how does its quality impact the system's performance?",1
"Can you explain what each of the following methods - FMEA, FMECA, HAZOP, ETA, ORA, and QRA - stands for and what they are typically used for in the context of ESP risk assessment?",1
What are the key design features of an ESP's power section that contribute to its ability to operate in high-temperature and high-pressure environments?,1
How can the condition of ESP cables be monitored and maintained to prevent failures?,1
"How do changes in operating conditions, such as temperature and pressure, affect the material properties and performance of sucker rods in an ESP?",1
"What role does mechanical stress play in stator winding failure, and how can it be mitigated to prevent failures?",1
"What are the potential risks and hazards associated with the maintenance and operation of ESP systems, and how can they be mitigated?",1
Can you discuss any challenges or limitations you have encountered while conducting ESP risk assessments using the various methods mentioned?,1
What are the recommended best practices for inspecting and maintaining ESP cables to prevent cable failure due to abrasion?,1
"Can you explain the role of cross-functional teams in the FMEA process for an ESP, and how their diverse perspectives and expertise contribute to identifying potential failure modes and their causes more effectively?",1
"In your experience, what are the key factors that contribute to the inadequate manufacturing specifications that may lead to cable failures in ESP systems?",1
How can the reliability and safety of an ESP be optimized during its operation?,1
What is the role of a reliability engineer or quality engineer in addressing high voltage arcing in the power section of an ESP?,1
How can rotor imbalance be prevented or mitigated in ESP systems?,1
How can the training of personnel involved in the operation and maintenance of an ESP be optimized to improve the overall performance and reduce the risk of failures?,1
How does the ESP system's design affect its ability to handle high volumes of fluid and maintain efficiency over time?,1
How can the design and material specifications of sucker rods be optimized to prevent rod breakage?,1
"What measures can be taken to reduce voltage and minimize the impact of voltage on the insulation system, and how can this help prevent stator winding failure?",1
"How can the learning from such failures be applied to improve ESP design, maintenance, and operation procedures?",1
"What are the key design considerations for the pump section of an ESP, and how do they impact the overall performance and efficiency of the system?",1
How can poor connections between components in the power section of an ESP be identified and addressed?,1
What are the consequences of failing to maintain or inspect the power section of an ESP system on the overall performance and longevity of the ESP system?,1
"Can you provide more information about the failure mode ""cable failure""? What are the common causes of cable failure in an Electrical Submersible Pump, and what are the potential consequences of cable failure?",1
"How do armored cables perform in long-term installations, and what factors should be considered to ensure their continued reliability and performance throughout their lifecycle?",1
What are the key steps or phases involved in conducting an FMEA for an ESP?,1
"What are the key considerations when selecting high-quality insulation materials for stator winding, and how can they help prevent insulation failure?",1
"Can you provide any examples of successful FMEA analyses of ESP systems, and what lessons can be learned from these experiences?",1
How do you ensure that the FMEA process is regularly updated and reviewed to account for changes in the ESP system or operational conditions?,1
"What are the key factors to consider when selecting and sizing an ESP system for a specific application, and how can these factors be optimized?",1
"How can the results of an FMEA for an ESP be effectively communicated to various stakeholders, including management, operators, and maintenance personnel, to ensure understanding and action?",1
What are the common causes of overheating in the power section of an ESP?,1
"What are the consequences of not addressing cable failure due to abrasion in an ESP system, and how can they be mitigated?",1
How often should maintenance be performed on an ESP to ensure that high voltage arcing does not occur?,1
What are the potential long-term impacts of inadequate lubrication on the overall efficiency and performance of an ESP?,1
Can you explain the role of voltage stabilizers in ESP systems and how they help prevent voltage fluctuation-related failures?,1
How can the performance of the power section of an ESP system be monitored and evaluated to ensure that it is operating within acceptable parameters?,1
Can you provide any recommendations for selecting and specifying ESP cables to minimize the risk of failure and ensure long-term reliability?,1
How does the protective cage and heavy-duty insulation in the ESP's power section protect the motor and ensure its longevity?,1
What are the common causes of rotor imbalance in ESP systems?,1
What are some common failure modes and their causes that you have identified during FMEA analyses of ESP systems in the past?,1
What type of motor is typically used in the power section of an ESP?,0
How can regular maintenance and timely replacement of worn-out components be optimized to prevent shaft failure in ESPs?,1
How does the ESP system's design contribute to its efficient operation and maintenance?,1
How can cable failure in ESP systems be monitored and its impact on system performance evaluated?,1
"Can you provide an example of an FMEA template for an ESP system, and how should it be filled out?",1
What are the typical risk assessment methods used for ESP reliability and safety?,0
"What measures can be taken to ensure the long-term reliability and performance of armored cables in ESP systems, and what role do quality engineers play in this process?",1
How do you ensure that the FMEA process aligns with other reliability and safety programs and initiatives within the organization?,1
"Can you discuss any challenges or limitations you have encountered when conducting FMEA analyses of ESP systems, and how have you addressed them?",1
"Can you provide case studies or examples of ESP lubrication system failures, and the consequences associated with them?",1
"Can you provide more details about the types of mechanical failures that can occur in an ESP, and what are the potential consequences of these failures?",1
How can the operating conditions of an ESP be optimized to ensure its reliable operation and prevent failure?,1
"How can electrical failures in ESPs be prevented or mitigated, and what are the potential consequences of not addressing these issues in a timely manner?",1
"How can the consequences of stator winding failure be minimized in the event of an insulation failure, and what are the key strategies for responding to insulation failure?",1
"What are the potential consequences of insulation failure in ESP systems, and how can it be prevented or mitigated?",1
How does the ESP's design and operation affect the reliability and maintenance requirements of the pump section?,1
"Can you provide any case studies or examples of high voltage arcing incidents in ESP power sections, and what were the root causes and consequences?",1
"What are the potential risks and hazards associated with the operation and maintenance of an ESP, and how can they be mitigated?",1
Can you describe the process of how the electric motor in the power section converts electrical energy into rotational mechanical energy? Are there any specific design considerations or materials used in the motor?,1
How can the risk of sucker rod failure be balanced against the cost of regular inspections and maintenance of the lubrication system?,1
"How does high voltage contribute to stator winding failure, and what measures can be taken to reduce the impact of high voltage on the insulation system?",1
Can you discuss any regulatory requirements or industry standards that must be considered when conducting an FMEA analysis of ESP systems?,1
"How does moisture contribute to stator winding failure, and what measures can be taken to prevent moisture-related failures?",1
"How can environmental factors affect the lifespan and performance of an ESP, and what measures can be implemented to minimize the impact of these factors?",1
"How does the ESP system's design compare to other pumping technologies in terms of efficiency, reliability, and cost-effectiveness?",1
"Can you provide any case studies or examples of ESP systems where the use of steel sucker rods has resulted in significant issues or failures, and what lessons can be learned from these experiences?",1
"How can operators ensure that the FMEA analysis and corrective actions are aligned with the overall business objectives and strategies, ensuring long-term sustainability and success?",1
How can data from sensors and monitoring systems be used to detect and predict pump seal failures in real-time?,1
"Can you provide an example of a specific ESP failure mode that was identified and addressed through an FMEA analysis, and discuss the steps taken to mitigate the risk associated with that failure mode?",1
"Can you describe a failure effect that could occur in the pump section of an ESP, and how it can be",1
Can you describe a failure cause that could occur in the sucker rods of an ESP?,0
How can the design of an ESP be optimized to withstand extreme operating conditions and ensure its long-term reliability?,1
"Can you explain the role of the power section in an ESP, and how it contributes to the overall performance of the system?",1
How often should Electric Submersible Pumps (ESP) be inspected for rotor imbalance?,1
"What best practices or recommendations would you provide for conducting an FMEA for an ESP, based on your expertise and experience in the industry?",1
"What are the consequences of bearing failure in ESPs, both in terms of equipment damage and operational downtime, and how can they be minimized through effective risk management strategies?",1
Can you describe a failure effect that could occur in the sucker rods of an ESP?,0
How can the knowledge gained from ESP cable failure analysis be applied to other similar systems to improve their reliability and reduce downtime?,1
Can you describe the typical failure modes associated with the pump section of an ESP and how they can be mitigated?,1
"Can you provide any case studies or examples of ESP failures due to overheating or other issues, and what were the root causes and consequences?",1
"What role does failure mode simulation play in the FMEA process, and how should it be conducted?",1
"How can vibration and shock protection be implemented to prevent stator winding failure, and what are the benefits of vibration and shock protection in the insulation system?",1
"How can the risks associated with these failure modes be mitigated, and what measures should be taken to ensure the reliable operation of ESP systems?",1
"How can maintenance personnel be trained and equipped to effectively inspect, maintain, and repair ESPs to prevent bearing failure and ensure optimal performance?",1
"How can manufacturers ensure that their ESPs are designed and manufactured to minimize the risk of bearing failure, and what quality control measures should they implement during the production process?",1
"How often should an FMEA be conducted for an ESP, and what factors should be considered when determining the frequency?",1
What are the typical operating conditions for an ESP and how do they affect its reliability?,0
"Can you provide more information about the failure mode ""stator winding failure""? What are the common causes of stator winding failure in an Electrical Submersible Pump, and what are the potential consequences of stator winding failure?",1
How can the information presented in this summary be used to develop a comprehensive reliability improvement plan for ESP systems?,1
"Can you describe a failure effect that could occur in the power section of an ESP, and how it can be mitigated?",1
Can you provide some recommendations for training and education programs that should be implemented for personnel responsible for the maintenance and operation of ESP systems?,1
"What is the role of cross-functional teams in the FMEA process for an ESP, and what other resources are available for conducting an FMEA?",0
How can the cost-effectiveness of ESP systems be optimized through effective maintenance and monitoring?,1
"How does the ESP system compare to other pumping systems in terms of efficiency, reliability, and cost-effectiveness?",1
How can the performance of an ESP be monitored and evaluated to ensure its reliability and efficiency?,1
"How often should the ESP's components be inspected and maintained, and what factors determine these intervals?",1
What are the common causes of mechanical failure in the pump section of an ESP?,1
How does the electric motor in an ESP system contribute to the overall performance and reliability of the system?,1
"Can you provide case studies or examples of bearing failure in ESPs, and how they were addressed or prevented through proactive maintenance and reliability programs?",1
How do these material properties affect the overall design and operation of the ESP system?,1
"What role does real-time monitoring and data analysis play in ensuring the efficient and reliable operation of an ESP, and how can this be integrated into the maintenance procedures?",1
"Can you provide more information about the failure mode ""bearing failure""? What are the common causes of bearing failure in an Electrical Submersible Pump?",0
"What are some best practices for conducting an FMEA for an ESP, and how can they help improve the ESP's reliability and safety?",1
"In what types of applications is the ESP typically used, and what are the primary benefits of using an ESP in these environments?",1
"How can we ensure that all relevant stakeholders are involved in the FMEA process, and what are the benefits of doing so?",1
"Can you discuss any recent case studies or real-world examples where the implementation of an FMEA for ESP bearings has led to significant improvements in system performance, reliability, and cost savings?",1
What are the recommended best practices for maintaining Electric Submersible Pumps (ESP) to prevent rotor imbalance?,1
"In your experience, how has the use of FMEA helped in identifying and mitigating risks associated with ESP failures?",1
What are the common failure modes and their consequences associated with the pump section of an ESP?,1
What are the common challenges and best practices for performing a root cause analysis in the context of an ESP FMEA?,0
"How can an FMEA be integrated with other risk assessment methodologies, such as Failure Mode and Effects Analysis (FMEA), Failure Mode Effects and Criticality Analysis (FMECA), or Event Tree Analysis (ETA), to enhance the overall risk assessment process?",1
How can we minimize the downtime and mitigate the consequences of control system failure in ESP systems?,1
Can you provide any recommendations for selecting and implementing ESP systems in oil and gas operations?,1
"What are the common causes of seal failure in ESP systems, and how can they be prevented?",1
"Can you share any examples of specific failure modes and their causes that have been identified and addressed through FMEA studies conducted in accordance with these standards, and discuss the lessons learned from these case studies?",1
Can you describe the cooling system used in the ESP's power section and how it helps maintain reliable operation in challenging conditions?,1
"Can you provide any best practices or guidelines for conducting an FMEA of ESP systems, based on your experience?",1
How can data analytics and machine learning be applied to improve the FMEA process and ESP reliability?,1
How can the FMEA process be integrated with other reliability engineering and quality management tools and methodologies?,1
What are the key material properties that contribute to the long-term reliability and performance of sucker rods in an ESP?,1
What are the common causes of sucker rod failure in ESP systems?,1
"How can proper grounding be implemented to prevent stator winding failure, and what are the benefits of proper grounding in the insulation system?",1
"Can you discuss any challenges or limitations associated with using steel sucker rods in ESP systems, and how they can be mitigated?",1
What are the potential consequences of a seal failure in an ESP system?,1
"What role does data analysis and monitoring play in identifying and addressing ESP system failures, and how can this be integrated into the FMEA process?",1
"What is the impact of aging on stator winding failure, and how can it be managed to minimize the risk of failures?",1
How can rotor imbalance in ESP be prevented or mitigated?,1
How do you balance the need for thorough analysis with the need for timely implementation of risk mitigation strategies in the FMEA process?,1
"How can the impact of damaged materials on ESP system performance be minimized, and what measures can be taken to prevent their occurrence?",1
How does the ESP system's design ensure reliable operation in harsh environments?,1
How can the pump seal failure be prevented or mitigated in ESP systems?,1
"How does the ESP's design compare to other pumping systems, such as centrifugal pumps, in terms of efficiency, reliability, and environmental impact?",1
"Can you provide more information about the failure mode ""cable failure""? What are the common causes of cable failure in an Electrical Submersible Pump?",0
"How do these failure modes impact the overall performance and safety of the ESP? Can you provide some specific examples of how they might lead to decreased performance, increased risk of accidents, lost production, and increased downtime?",1
How can the design of the ESP system be modified to reduce the likelihood of cable failure due to abrasion?,1
"Can you discuss any challenges or limitations associated with conducting an FMEA for an ESP, and how can they be addressed?",1
How do you monitor and manage risks associated with ESPs after they have been installed and put into operation?,1
"Can you provide some examples of specific armored cable types and their applications in ESP systems, along with their respective advantages and disadvantages?",1
How can the risk of failures and equipment downtime be minimized through effective maintenance strategies for an ESP?,1
"What are the potential consequences of rotor imbalance in ESP systems, and how can they be mitigated?",1
What are the typical materials used in the construction of an ESP?,1
How can the risk of seal failure in an ESP system be minimized?,1
"How does the pump section's performance compare to other similar pumping systems, and what advantages does it offer in terms of efficiency, maintenance, and cost-effectiveness?",1
"Can you discuss any challenges or limitations you have encountered when using the FMEA process for ESP systems, and how you have addressed them?",1
Can you provide some recommendations for selecting and specifying an ESP based on its intended application and operating conditions?,1
"What are the key factors contributing to chemical failures in ESPs, and how can they be managed to ensure the long-term reliability of the pumps?",1
What are the specific steps that should be taken to ensure proper insulation in the power section of an ESP?,1
How does the implementation of an FMEA for ESP bearings contribute to reducing maintenance costs and improving the overall reliability of the system?,1
How can the reliability of ESP systems be improved by addressing seal failure concerns?,1
How do you ensure that the FMEA results are effectively communicated and used to inform decision-making within the organization?,1
"Are there any challenges or limitations to implementing a structured FMEA approach for ESP systems, and how can they be addressed?",1
"How can organizations ensure that their root cause analysis is thorough and effective, given the potential difficulties in identifying the root cause of failures?",1
Are there any specific design considerations or materials that can help reduce the likelihood of sucker rod failures in ESP systems?,1
How can the risk of cable failures be minimized during the design and installation phases of an ESP system?,1
"What are the potential challenges and limitations of ESP maintenance, and how can they be addressed to ensure the successful implementation of maintenance strategies?",1
What are the key components of the power supply system in an ESP and what are their specific functions?,1
"How are sucker rods tested and evaluated for reliability and performance, and what factors are considered during these tests?",1
What are the best practices for troubleshooting and repairing cable failures in ESP systems?,1
What are the best practices for maintaining ESP systems to prevent water ingress and ensure optimal performance?,1
"How does the protector, typically a circuit breaker, in the power section of an ESP system safeguard the system from overcurrent and overvoltage situations? Could you provide more details on how it functions?",1
What are the potential effects of control system failure on the overall performance and safety of the ESP?,0
How can the performance of an ESP be monitored and evaluated over time to ensure its continued reliability and safety?,1
"What are the consequences of cable failures in ESP systems, and how can they be prevented or mitigated?",1
"Can you share any case studies or examples of ESP power supply system failures, and what were the root causes and consequences of those failures?",1
"Can you provide any resources or references for further information on ESP systems, maintenance, and reliability?",1
What are the common causes of control system failure in ESP systems?,1
"How can operators monitor and detect early signs of sucker rod failures in ESP systems, and what strategies can be employed to prevent or mitigate their impact?",1
How can the cost-benefit analysis of regular maintenance and timely replacement of worn-out components be conducted to ensure the long-term reliability and efficiency of ESPs?,1
Are there any emerging technologies or trends in ESP cable design and maintenance that could help mitigate cable failure due to abrasion?,1
"In your experience, what are the key challenges or limitations in conducting an FMEA on an ESP using FMEA software, templates, training, and subject matter experts, and how can they be mitigated?",1
"What are the most common failure modes of the pump section, and what measures can be taken to mitigate their impact on the system's performance?",1
Can you discuss any maintenance or operational challenges associated with ESP systems and potential strategies to mitigate these issues?,1
"Can you describe a failure cause that could occur in the power section of an ESP, and how it can be mitigated?",1
What are the key performance indicators (KPIs) used to monitor and evaluate the performance of an ESP system?,1
"What are the consequences of not addressing cable failure in a timely manner, and how can they be minimized?",1
What type of material is typically used for the sucker rods in an ESP?,0
How does the design and maintenance of the pump section impact the overall reliability and performance of an ESP?,1
"What future research or development efforts are being undertaken to improve the reliability and performance of ESPs, and how can industry professionals contribute to these efforts?",1
What are the recommended inspection and testing procedures for an ESP to ensure its continued reliability and performance?,1
What are the consequences of not adhering to proper maintenance procedures for an ESP?,1
"In your experience, which method is most commonly used for ESP risk assessment and why?",1
"What are the consequences of not conducting regular inspections and maintenance of ESP cables, and how do they impact the overall system performance and safety?",1
Can you provide any recommendations for testing or inspection procedures to detect stator winding failure at an early stage?,1
"Can you provide more information about the failure mode ""control system failure""? What are the common causes of control system failure in an Electrical Submersible Pump?",0
"Can you discuss any recent advancements or innovations in ESP system design or technology that could improve performance, reliability, or efficiency?",1
"How do armored cables interact with other system components, such as the ESP system's motors, sensors, and other cables, and what factors should be considered to ensure seamless integration and compatibility?",1
How can the lifespan of Electric Submersible Pumps (ESP) be extended by addressing rotor imbalance?,1
"Can you provide any recommendations for testing, inspection, or maintenance procedures that should be performed on the power section of an ESP system to ensure its reliable and efficient operation?",1
"What are the potential consequences of high voltage arcing in the power section of an ESP, and how can they be mitigated?",1
"How are sucker rods manufactured, and what quality control measures are in place to ensure consistent material properties and dimensions?",1
"Are there any industry standards or guidelines related to the design, maintenance, and operation of ESPs that should be followed to minimize the risk of shaft failure and other mechanical issues?",1
Can you provide recommendations for maintenance strategies and inspection procedures to detect potential shaft failure in ESPs at an early stage?,1
What are the potential effects of rotor imbalance on the overall performance and safety of the ESP?,0
What are some best practices for maintaining the power supply system in ESP to ensure its longevity and reliability?,1
How can electrical overloads be identified and addressed in ESP systems to prevent cable failure?,1
"What are the key components of an ESP that require regular inspections and maintenance, and why are they important to check?",1
How can the performance and lifespan of ESP cables be optimized?,1
"Can you provide any case studies or examples of ESP systems where water ingress has caused significant damage, and what lessons can be learned from them?",1
"What type of pump is commonly used in ESP systems, and what are the key features and benefits of this type of pump?",1
What are the regulatory requirements for inspecting and maintaining ESP pump seals?,1
"Can you provide recommendations for best practices to prevent bearing failure in ESPs, including maintenance schedules, inspection procedures, and lubrication techniques?",1
"Can you explain the impact of chemical failures on ESP components, and what measures can be taken to prevent or mitigate these failures?",1
How can the performance of an ESP be optimized after addressing shaft failure or other mechanical issues?,1
"How do you ensure that the FMEA process is integrated with other reliability engineering and quality management activities, such as maintenance planning, inspections, and testing, to create a cohesive and effective overall approach to reliability and safety?",1
"How does the FMEA process contribute to the overall reliability and safety of ESP assets, and what impact has it had on organizations that have implemented it?",1
"What are the potential consequences of bearing failure in ESP systems, including environmental impact, safety risks, and operational downtime, and how can they be minimized through proactive FMEA analysis and maintenance practices?",1
What tests or inspections can be conducted to detect high voltage arcing in the power section of an ESP?,1
"What are the long-term implications of rotor imbalance in ESP systems, and how can they be managed?",1
"How does an FMEA compare to other risk assessment methods, such as HAZOP (Hazard and Operability Analysis), in identifying and addressing risks associated with ESP systems?",1
"How often should ESP systems be inspected for cable failure, and what are the best practices for these inspections?",1
Can you describe a failure mode that could occur in the sucker rods of an ESP?,0
How can the design and material selection of ESPs be optimized to reduce the risk of failure and improve their overall reliability?,1
"How can the lessons learned from cable failure incidents be applied to improve ESP system design, installation, and maintenance practices?",1
Can you describe a failure mode that could occur in the cable of an ESP?,0
What are the potential benefits and limitations of using advanced sensors and monitoring systems in an ESP?,1
"What are the long-term maintenance and replacement strategies for sucker rods in an ESP, and how do they impact the overall cost and reliability of the system?",1
How can the lubrication system in an ESP be optimized to minimize the risk of failure and maximize efficiency?,1
Can you describe the typical failure modes associated with the power section of an ESP and how they can be mitigated?,1
"Can you describe the typical operating conditions for an ESP system, including fluid and temperature ranges?",1
"Can you provide any recommendations for ongoing research, development, and technology improvements in the area of sucker rod failure prevention in ESP systems?",1
How does the integration of sensors and monitoring systems contribute to the overall reliability and performance of an ESP?,1
"Can you discuss the future trends and developments in the design and operation of ESPs, and how they might impact the reliability and performance of these pumps in the coming years?",1
What are the best practices for maintaining and operating an ESP to ensure its reliable operation and prevent failure?,1
Can you provide any recommendations for monitoring and inspecting ESP systems to detect and address cable failures before they lead to more severe consequences?,1
How can potential failure effects be mitigated in the power section of an ESP to ensure safety and reduce downtime?,1
"How do operational conditions, such as temperature and pressure, impact the longevity and reliability of ESPs, and what measures can be taken to optimize these conditions?",1
Can you discuss any maintenance or inspection procedures required for an ESP system to ensure its continued reliability and efficiency?,1
How can the risk of pump seal failure be balanced against the cost of maintenance and replacement in ESP systems?,1
"Can you provide more information about the failure mode ""rotor imbalance""? What are the common causes of rotor imbalance in an Electrical Submersible Pump, and what are the potential consequences of rotor imbalance?",1
"Can you provide any best practices or recommendations for conducting an FMEA for ESP systems, based on your experience and expertise?",1
"What are the key factors to consider when selecting cable sizes for ESP systems, and how can they impact the overall system performance?",1
"How can the insulation resistance and continuity of ESP cables be tested, and what are the implications of abnormal test results?",1
"Can you provide an overview of the industry standards and technical publications that are commonly used for conducting FMEA on ESP systems, and explain how they contribute to the accuracy and thoroughness of the FMEA documentation?",1
"Can you provide any case studies or examples of ESP systems where an FMEA has been successfully implemented, and how it led to improvements in reliability and safety?",1
"Can you describe a failure cause that could occur in the pump section of an ESP, and how it can be mitigated?",1
How can the risk of sucker rod failure due to lack of lubrication be mitigated in a cost-effective manner?,1
"How do you ensure that the FMEA process is effectively communicated and understood by all relevant stakeholders, including operators and maintenance personnel?",1
"Can you provide any case studies or examples of ESP systems in operation, highlighting their specific benefits and challenges?",1
What are the key factors that contribute to the failure of ESP pump seals?,1
"Can you provide more information about the failure mode ""control system failure""? What are the common causes of control system failure in an Electrical Submersible Pump, and what are the potential consequences of control system failure?",1
Can you provide some examples of the more comprehensive maintenance activities that should be conducted every 12 to 24 months?,1
How should the occurrence criteria be defined and determined for an ESP system?,1
"In your experience, what are the most common causes of ESP failures, and how can they be mitigated?",1
"Are there any tools or software commonly used for conducting FMEAs on ESP systems, and if so, can you provide some examples?",1
What are the potential impacts of control system failure on ESP systems and the environment?,1
"What are the typical challenges or risks associated with ESP maintenance, and how can they be mitigated or avoided?",1
"What are the common causes of bearing failure in ESP systems, and how can they be mitigated?",1
How does an FMEA help in improving the reliability and reducing the downtime of ESP systems?,1
What is the primary function of the power section in an ESP?,0
"Can you provide any case studies or examples of rotor imbalance-related failures in ESP, and what were the root causes and consequences?",1
Can you describe the process you typically follow when conducting an FMEA analysis for an ESP system? Are there any specific steps or components you focus on more than others?,1
Can you provide any data or statistics on the impact of power supply system failures on ESP performance and production losses?,1
"Can you provide an example of how you have used FMEA, FMECA, or HAZOP to identify and evaluate potential failures or hazards associated with ESPs?",1
What are the key performance indicators (KPIs) that should be monitored to ensure the ESP's reliability and efficiency?,1
Are there any industry standards or technical publications that provide guidance on conducting an FMEA for an ESP?,0
"What role does data play in the root cause analysis process, and how can organizations ensure that they have access to the necessary data to support their analysis?",1
"How can the knowledge and expertise of reliability engineers, quality engineers, and subject matter experts be leveraged to ensure the reliable operation and maintenance of ESPs?",1
How can the maintenance procedures for an ESP be optimized to reduce downtime and increase efficiency?,1
How can ESP system designers and operators minimize the risk of rotor imbalance?,1
How can regular maintenance and replacement of seals help prevent water ingress in ESP systems?,1
"What are the common causes of sucker rod failure, and how can they be mitigated?",1
"How can ESP system reliability and safety be improved, and what are the potential consequences of not maintaining an ESP system according to recommended schedules and procedures?",1
What are the best practices for maintaining and replacing ESP cables to minimize the risk of failure and ensure optimal system performance?,1
Can you provide recommendations for selecting and qualifying pump seal manufacturers and suppliers for ESP systems?,1
"Can you provide more details about the types of mechanical failures that can occur in ESPs, and what are the common causes of each type?",1
How can a water-resistant submersible pump design contribute to preventing water ingress in ESP systems?,1
Can you provide any case studies or examples of ESP systems with successful pump section designs and maintenance strategies?,1
What are the potential consequences of not conducting regular inspections and maintenance of an ESP?,1
How often should the ESP be inspected and maintained to ensure its reliability and safety?,0
"How can mechanical failure be prevented or mitigated in ESP systems, and what are the most common causes of this failure mode?",1
"Can you explain the preventive measures for stator winding failure, and how do they help prevent insulation failure?",1
What factors should be considered when selecting cables and materials for ESP systems to ensure their longevity and reliability?,1
"In your opinion, what are the key factors that contribute to the success of ESP risk assessments?",1
"How often should the FMEA be reviewed and updated, and what is the importance of maintaining an up-to-date FMEA?",1
What measures can be taken to ensure that the ESP is designed and manufactured with high-quality components to minimize the risk of high voltage arcing?,1
"What are the common causes of stator winding failure, and how do they contribute to the insulation failure between the conductor and the stator core?",1
"What are the regulatory requirements and industry standards related to the design, operation, and maintenance of ESPs, and how do they impact the overall reliability and safety of these pumps?",1
"What are the key challenges and opportunities for improving the design and maintenance of ESP pump sections, and how can they be addressed?",1
Can you describe the typical operating conditions and fluid properties for which an ESP system is most suitable?,1
"How do industry standards and regulations impact the design, materials, and testing of sucker rods in ESP systems?",1
How can the lifespan of sucker rods be extended in the presence of a wellbore environment that generates significant amounts of friction?,1
Can you provide any recommendations for improving the reliability and safety of ESP control systems?,1
"What are the key lessons learned from these case studies or examples, and how can they be applied to prevent future high voltage arcing incidents in ESP power sections?",1
What are the key factors to consider when selecting materials and components for an ESP to prevent overheating and ensure long-term reliability?,1
Can you discuss any potential challenges or limitations associated with ESP system design and operation?,1
Can you describe the typical failure modes associated with the sucker rods of an ESP and how they can be mitigated?,1
How often should the lubrication of the ESP system be checked during maintenance?,1
"Can you describe the typical lifespan of the pump section components, and what factors influence their longevity?",1
How can the reliability and lifespan of ESP systems be improved by addressing pump seal failure concerns?,1
Can you describe a failure cause that could occur in the power section of an ESP?,0
"What are the potential financial and operational impacts of pump seal failure in ESP systems, and how can they be quantified and mitigated?",1
How can regular inspections and maintenance help in preventing failures and ensuring the long-term reliability of the pump section?,1
What role does high-quality component selection and proper assembly play in preventing rotor imbalance in ESP systems?,1
Can you provide examples of cable materials that exhibit better resistance to abrasion compared to traditional materials?,1
Can you explain the process of calculating Risk Priority Numbers (RPNs) in detail?,1
How can the performance of ESP systems be monitored to detect potential seal failures before they become critical?,1
How can we ensure that our maintenance and inspection programs for the power supply system in ESP are aligned with our overall business objectives and strategies?,1
"How can the reliability and safety of ESP systems be ensured, given the potential failure modes and their causes mentioned in the summary?",1
What are the potential consequences of not addressing failures in the pump section of an ESP in a timely manner?,1
"What role does regular inspections, maintenance, and the use of high-quality materials and robust design practices play in preventing sucker rod failures in ESP systems?",1
"What are the most common failure modes of sucker rods in ESP systems, and what factors contribute to their occurrence?",1
What are the key factors that contribute to rotor imbalance in ESP?,1
"How do you ensure that all potential failure modes are addressed consistently during an FMEA analysis of an ESP, and what best practices can be recommended to maintain consistency?",1
How does water ingress affect the ESP and what measures can be taken to prevent it?,0
How can the life of ESP pump seals be extended?,1
"What are the key factors to consider when selecting materials for sucker rods, and how do they impact the overall performance and reliability of the ESP system?",1
"Can you discuss any recent advancements or innovations in armored cable technology for ESP systems, and how they might improve system performance, reliability, and safety?",1
How can the risk of ESP failure be minimized through proactive maintenance and monitoring?,1
"What are the key factors to consider when determining the frequency of ESP inspections and maintenance, and how do they impact the ESP's reliability and safety?",1
"How can the reliability and lifespan of the power section of an ESP system be optimized? Are there any design, maintenance, or operational best practices that should be followed to ensure optimal performance?",1
Can you provide any recommendations for monitoring or detecting rotor imbalance in ESP systems?,1
"In your opinion, how can the FMEA process be integrated with other reliability-centered maintenance strategies, such as RCM (Reliability-Centered Maintenance) and RBI (Reliability-Based Inspection), to optimize ESP performance and reduce failures?",1
How can regular monitoring of the pump's performance help in preventing water ingress and extending the ESP's life?,1
"What role does training play in preventing cable failures in ESP systems, and how can training programs be improved to address this issue?",1
