Failure Location,Failure Mode,Failure Causes,Failure Effects,Description_Length
Pump,Mechanical Failure,Worn Out Seals,Leakage and Reduced Performance,4
Motor,Electrical Failure,Worn Out Bearings,Complete Motor Failure,5
Cable,Electrical Failure,High Voltage Damage,Open Circuit,5
Cable,Electrical Short,Corrosion,"An electrical short in the cable can lead to a shutdown of the ESP system, causing damage to the components.",5
Cable,Cable failure,"High voltage surges, Physical damage, Ageing","Cable rupture, Power loss, Increased maintenance costs",5
Cable,Instrumentation Failure,"Problems with sensors, transmitters, or other instrumentation","Inaccurate data, reduced system efficiency, and potential safety hazards",5
Cable,Electrical Failure,"Overvoltage, undervoltage, and electrical shorts","Damage to electrical components, potential safety hazards, and reduced performance",5
Cable,Cable Failure,"High voltage arcing, Physical damage, Corrosion","Power loss, Cable replacement, Increased maintenance costs",5
Cable,Electrical Failure,"Voltage surges, Insulation failure, Short circuits","Damaged electrical components, Arcing, Potential fires, Electric shock",5
Cable,Mechanical Failure,"High torque, wear and tear, and insufficient lubrication","Reduced performance, increased maintenance requirements, and potential equipment failure",5
Wellbore,Wellbore Integrity Failure,Corrosion,"Wellbore integrity failure can lead to a loss of pumping capacity, causing a reduction in the efficiency of the ESP system.",8
Sucker Rods,Mechanical Failure,"High torque, wear and tear, and insufficient lubrication","Reduced performance, increased maintenance requirements, and potential equipment failure",11
Sucker Rods,Electrical Failure,"Overvoltage, undervoltage, and electrical shorts","Damage to electrical components, potential safety hazards, and reduced performance",11
Sucker Rods,Instrumentation Failure,"Problems with sensors, transmitters, or other instrumentation","Inaccurate data, reduced system efficiency, and potential safety hazards",11
Sucker Rods,Sucker Rod Failure,"Wear and tear, Improper maintenance, Material defects","Reduced pump efficiency, Increased downtime, Increased maintenance costs",11
Sucker Rods,Mechanical Failure,Corrosion and Wear,Reduced Lift Performance,11
Sucker Rods,Mechanical Failure,"High Torque and Speed, Inadequate Lubrication, Insufficient Maintenance","Excessive wear and tear, Friction, Overheating, Increased risk of accidents and equipment failure",11
Transformer,Transformer Failure,Overheating,"Transformer failure can lead to a loss of power to the ESP system, causing a shutdown of the system.",11
Sucker rods,Sucker rod failure,"Corrosion, Wear, Improper installation","Reduced pump efficiency, Increased maintenance costs, Increased risk of well failure",11
Sucker Rods,Rod Breakage,Improper Maintenance,"Rod breakage can lead to a loss of pumping capacity, causing a reduction in the efficiency of the ESP system.",11
Pump Section,Instrumentation Failure,"Problems with sensors, transmitters, or other instrumentation","Inaccurate data, reduced system efficiency, and potential safety hazards",12
Pump section,Pump failure,"Worn out impeller, Leakage, Seal failure","Reduced pump efficiency, Increased energy consumption, Decreased production",12
Pump Section,Mechanical Failure,Wear and Tear,"The pump may fail due to wear and tear, leading to a reduction in the efficiency of the ESP system.",12
Pump Section,Electrical Failure,"Overvoltage, undervoltage, and electrical shorts","Damage to electrical components, potential safety hazards, and reduced performance",12
Pump Section,Vibration and noise,"Improper installation, Insufficient foundation, Operational issues","Component damage, Increased maintenance costs, Unpredictable performance",12
Pump Section,Pump Failure,"Worn out impeller, Leakage, Seal failure","Reduced fluid flow, Increased downtime, Increased maintenance costs",12
Pump Section,Seal failure,"Inadequate sealing materials, High temperatures, Fluid contamination","Leakage, Reduced efficiency, Increased risk of failure, Unpredictable performance, Increased maintenance costs",12
Pump Section,Bearings failure,"Inadequate lubrication, Poor maintenance, High-speed operation","Reduced flow rate, Increased energy consumption, Increased wear and tear, Decreased pump life",12
Pump Section,Impeller failure,"Insufficient lubrication, High-speed operation, Debris in the fluid","Reduced flow rate, Increased energy consumption, Increased wear and tear, Decreased pump life",12
Pump Section,Mechanical Failure,"High Torque and Speed, Inadequate Lubrication, Insufficient Maintenance","Excessive wear and tear, Friction, Overheating, Increased risk of accidents and equipment failure",12
Pump Section,Mechanical Failure,"High torque, wear and tear, and insufficient lubrication","Reduced performance, increased maintenance requirements, and potential equipment failure",12
Power section,Motor failure,"Insufficient cooling, Worn out bearings, Electrical faults","Reduced pump performance, Increased maintenance costs, Unplanned downtime",13
Power Section,Mechanical Failure,"High Torque and Speed, Inadequate Lubrication, Insufficient Maintenance","Excessive wear and tear, Friction, Overheating, Increased risk of accidents and equipment failure",13
Power Section,Mechanical Failure,"High torque, wear and tear, and insufficient lubrication","Reduced performance, increased maintenance requirements, and potential equipment failure",13
Power Section,Motor Failure,"Insufficient cooling, Worn out bearings, Overloading","Reduced pump performance, Increased energy consumption, Increased maintenance costs",13
Power Section,Electrical Failure,"Overvoltage, undervoltage, and electrical shorts","Damage to electrical components, potential safety hazards, and reduced performance",13
Power Section,Electrical Failure,Worn Out Components,"The power section motor may fail due to worn out components, leading to a shutdown of the ESP system.",13
Power Section,Electrical insulation failure,"Aging, Wear, Environmental factors","Reduced efficiency, Increased risk of failure, Unpredictable performance, Increased maintenance costs",13
Power Section,Instrumentation Failure,"Problems with sensors, transmitters, or other instrumentation","Inaccurate data, reduced system efficiency, and potential safety hazards",13
Power Section,Rotor bar failure,"Low-quality materials, Inadequate maintenance, High operating temperatures","Reduced efficiency, Increased risk of failure, Unpredictable performance, Increased maintenance costs",13
Overall System,System Failure,"Interconnected component failure, Environmental factors, Unplanned maintenance","Reduced system performance, Increased downtime, Increased maintenance costs",14
Control System,Control System Failure,"Software issues, Hardware issues, Communication system issues","Inaccurate control, Monitoring, Data collection, Impact on overall performance and reliability",14
Control System,Control System Failure,Electrical Surge,"Control system failure can lead to a malfunction of the ESP system, causing a reduction in the efficiency of the system.",14
Control System,Control system failure,"Poor design, Inadequate testing, Environmental factors","Reduced productivity, Increased downtime, Increased maintenance costs, Unpredictable performance",14
Chemical System,Chemical Failure,"Corrosion, Scaling, Chemical reactions","Damaged equipment, Reduced efficiency, Formation of harmful byproducts",15
Cable - Insulation,Electrical Failure,"Voltage surges, Insulation failure","Insulation failure, Arcing, Potential fires",18
Cable - Termination,Electrical Failure,"Voltage surges, Insulation failure, Short circuits","Damaged electrical components, Arcing, Potential fires, Electric shock",19
Environmental System,Environmental Failure,"Water ingress, Sand ingress, Contamination","Damaged electrical components, Erosion and wear, Contamination of materials",20
Power Section - Motor,Electrical Failure,"Voltage surges, Insulation failure, Short circuits","Damaged electrical components, Arcing, Potential fires, Electric shock",21
Instrumentation System,Instrumentation Failure,"Issues with sensors, Transmitters, Other measurement devices","Inaccurate data collection, Impact on overall performance and reliability",22
Pump Section - Impeller,Mechanical Failure,"High Torque and Speed, Inadequate Lubrication, Insufficient Maintenance","Excessive wear and tear, Friction, Overheating, Increased risk of accidents and equipment failure",23
Power Section - Inverter,Electrical Failure,"Voltage surges, Insulation failure, Short circuits","Damaged electrical components, Arcing, Potential fires, Electric shock",24
Pump Section - Suction Strainer,Mechanical Failure,"High Torque and Speed, Inadequate Lubrication, Insufficient Maintenance","Excessive wear and tear, Friction, Overheating, Increased risk of accidents and equipment failure",31
