context_prompt,sf_context,question_context,sme_context,re_context,qe_context
The industrial asset class is Electrical Submersible Pump,"  The Electrical Submersible Pump (ESP) asset class FMEA documentation, developed by a Quality Engineer with expertise in quality standards and regulations, identifies potential failure modes, their causes, and effects, and provides recommendations for improving the product design and manufacturing processes. The potential failure modes include pump motor failure due to overheating, pump shaft failure due to misalignment, seal system failure leading to fluid leakage and contamination, control system failure resulting in improper operation, and power supply system failure. The recommended improvements include implementing a more robust cooling system, improving bearing design and material selection, enhancing seal system design, and implementing software and hardware upgrades to improve control system reliability. The FMEA documentation ensures that the ESP system meets quality standards and regulations, and provides crucial insights for predicting and preventing failures, enabling the ESP system to operate reliably and efficiently.","  The reliability of an Electrical Submersible Pump (ESP) is critical to the efficient and safe operation of oil and gas wells. Failure modes and effects analysis (FMEA) identifies potential failure modes, their effects on the system, and their likelihood of occurrence. Common failure modes include wear and tear on components, electrical surges, software bugs, and environmental factors. Designing for reliability, integrating reliability-centered maintenance practices, and tailoring maintenance and inspection schedules to specific operating conditions and failure modes can improve asset reliability. Environmental factors, such as temperature and humidity, can affect the reliability of the ESP system, and wellbore integrity can impact the system's performance and reliability. Effective detection and prediction of potential failures, monitoring and control systems, and proper training and work practices can prevent or mitigate failures. The ESP's components and subsystems interact with each other, and potential failure modes associated with these interactions can lead to loss of production and impact the overall operation. Operating conditions, such as temperature, pressure, and flow rate, affect the likelihood and severity of failure modes. Recommended improvements to the cooling system, bearing design and material selection, seal system design, and software and hardware upgrades to the control system address potential failure modes identified in the FMEA. The ESP system must comply with industry standards and regulations, and monitoring and measuring the effectiveness of recommended improvements is crucial to evaluating their success.","  Sure, I can provide you with a descriptive FMEA analysis for an Electrical Submersible Pump (ESP).

Asset Class: Electrical Submersible Pump (ESP)

Component: Electrical Submersible Pump

Subcomponent:

1. Motor
2. Pump
3. Control System
4. Power Cable
5. Connectors

Failure Mode:

1. Motor failure
2. Pump failure
3. Control system failure
4. Power cable failure
5. Connector failure

Failure Cause:

1. Motor failure: Overheating, bearing failure, winding failure
2. Pump failure: Wear and tear, corrosion, cavitation
3. Control system failure: Software bug, hardware failure, sensor malfunction
4. Power cable failure: Damage, wear and tear, water ingress
5. Connector failure: Loose connection, corrosion, wear and tear

Failure Effect:

1. Motor failure: Pump shutdown, loss of production, safety risk
2. Pump failure: Pump shutdown, loss of production, safety risk
3. Control system failure: Pump shutdown, loss of production, safety risk
4. Power cable failure: Pump shutdown, loss of production, safety risk
5. Connector failure: Pump shutdown, loss of production, safety risk

Severity (S):

1. Motor failure: 9 (High)
2. Pump failure: 9 (High)
3. Control system failure: 8 (Medium-High)
4. Power cable failure: 8 (Medium-High)
5. Connector failure: 7 (Medium)

Occurrence (O):

1. Motor failure: 6 (Medium)
2. Pump failure: 7 (Medium)
3. Control system failure: 5 (Low-Medium)
4. Power cable failure: 6 (Medium)
5. Connector failure: 5 (Low-Medium)

Detection (D):

1. Motor failure: 4 (Low)
2. Pump failure: 3 (Low)
3. Control system failure: 6 (Medium)
4. Power cable failure: 5 (Low-Medium)
5. Connector failure: 4 (Low)

Risk Priority Number (RPN):

1. Motor failure: 36 (High)
2. Pump failure: 36 (High)
3. Control system failure: 24 (Medium-High)
4. Power cable failure: 24 (Medium-High)
5. Connector failure: 16 (Medium)

Recommended Actions:

1. Motor failure: Implement regular motor maintenance, replace bearings and windings as needed, monitor temperature and vibration.
2. Pump failure: Implement regular pump maintenance, replace worn parts, monitor pressure and flow rate.
3. Control system failure: Implement regular software updates, replace hardware components as needed, monitor sensor data.
4. Power cable failure: Implement regular power cable inspections, replace damaged cables, monitor for water ingress.
5. Connector failure: Implement regular connector inspections, replace worn connectors, monitor for loose connections.

By following the FMEA procedure, we have identified the potential failure modes and their effects on the Electrical Submersible Pump. The RPN has helped us prioritize the actions needed to prevent or reduce the likelihood of these failures occurring. Regular maintenance and inspections, as well as the implementation of preventive and condition-monitoring tasks, will help extend the life of the asset and improve its reliability.","  As a Reliability Engineer, I will provide information on failure rates, mean time between failures (MTBF), and other reliability metrics for the Electrical Submersible Pump (ESP) asset class. I will analyze the asset class to identify potential failure modes and their impact on reliability, and guide the team on conducting reliability testing and data analysis to determine failure rates, MTBF, and other reliability metrics.

First, let's start with an overview of the ESP asset class. An Electrical Submersible Pump is a type of artificial lift system used in oil and gas production. It consists of a submersible motor, a pump, and a controller that regulates the motor's speed. The ESP is used to lift oil or gas from the wellbore to the surface, and it is typically installed in a wellbore that is several thousand feet deep.

Now, let's discuss the potential failure modes of an ESP. There are several failure modes that can occur in an ESP system, including:

1. Motor failure: The submersible motor is the heart of the ESP system, and it can fail due to various reasons such as overheating, bearing failure, or electrical faults.
2. Pump failure: The pump can fail due to wear and tear, corrosion, or damage from debris.
3. Controller failure: The controller regulates the motor's speed and can fail due to electrical surges, overheating, or software bugs.
4. Cable failure: The ESP system uses a long cable to transmit power and data between the surface and the wellbore. The cable can fail due to wear and tear, corrosion, or damage from debris.
5. Wellbore integrity failure: The wellbore can fail due to corrosion, mechanical damage, or cement failure, which can cause the ESP system to fail.

Next, let's discuss the reliability metrics for an ESP system. The following are some of the key reliability metrics for an ESP system:

1. Mean Time Between Failures (MTBF): This metric measures the average time between failures of the ESP system. A higher MTBF indicates a more reliable system.
2. Mean Time To Repair (MTTR):","  As a Quality Engineer responsible for generating FMEA documentation for the Electrical Submersible Pump (ESP) asset class, I will utilize my expertise in quality standards and regulations, including ISO 9001, IATF 16949, and FMEA guidelines, to ensure that the FMEA documentation is accurate, complete, and compliant with quality standards and regulations.

To begin, I will identify the potential failure modes, their causes, and effects, and develop recommendations for improving the product design and manufacturing processes. This will involve collaborating with cross-functional teams, including design, manufacturing, and quality assurance, to gather information and conduct a thorough analysis of the ESP system.

Some potential failure modes that I might identify include:

1. Failure of the pump motor due to overheating, which could be caused by a malfunctioning cooling system or a clogged heat exchanger.
2. Failure of the pump shaft due to misalignment, which could be caused by worn or damaged bearings.
3. Failure of the seal system, which could lead to fluid leakage and contamination, and could be caused by worn or damaged seals, improper installation, or incorrect maintenance procedures.
4. Failure of the control system, which could result in the pump operating outside of its design parameters, and could be caused by software bugs, hardware failures, or improper calibration.
5. Failure of the power supply system, which could result in the pump not receiving the necessary power to operate, and could be caused by a faulty transformer, poor electrical connections, or a blown fuse.

Once I have identified the potential failure modes, their causes, and effects, I will develop recommendations for improving the product design and manufacturing processes. These recommendations may include:

1. Implementing a more robust cooling system to prevent overheating of the pump motor.
2. Improving the bearing design and material selection to reduce wear and improve the lifespan of the pump shaft.
3. Enhancing the seal system design to reduce the risk of fluid leakage and contamination.
4. Implementing"
