,TypeData.CompTypeID,short_descriptions,gold_failure_locations,index,dfsp_Mistral_sup_simcse_test
0,Accumulator_1_V0,Accumulator - Hydraulic - Bladder Type,"['Bladder', 'Oil Valve', 'Gas Fill Valve']",0,"['Gas Fill Valve', 'Bladder', 'Air line Check Valve, if present']"
1,ACPack_1_V0,Packaged Air Conditioning Unit,"['Damper Actuator, if present', 'Compressor', 'Electric Heating Coils', 'Solenoid Valves, if present', 'Controllers, Sensors, and Transmitters', 'Compressor - Tubing, Fittings', 'Fan - Motor', 'Wiring and connections', 'Damper Bearings and Linkages, if present', 'Air Filter', 'Switches', 'Condenser Coil', 'Compressor - Motor', 'Fan Bearings', 'Fan']",1,"['Ejector - Throat and Diffuser', 'Condenser - Closure Devices Channel Partitions, Manways,  and Flange', 'Ejector - Steam Nozzle', 'Condenser - Shell, Inlet and Outlet Nozzles', 'Condenser - Tube Joint: Rolled or welded', 'Condenser - Tubes', 'Condenser - Internal Hardware; including: Baffle Plates, Support Plates, Tie Rods, Spacers, Diffusers Plates, and Impingement Plates', 'Condenser - Tube Joint: Rolled', 'Condenser - Closure Devices Channel Partitions, Manways, and Flange', 'Condenser - Tube Sheets']"
2,BATT_VRLA,Battery - Valve Regulated Lead Acid,"['Posts and Straps', 'Cabinet or Rack', 'Pressure Relief Valve', 'Plates', 'Posts', 'Electrolyte', 'Jar & Lid', 'Inter Cell and Inter Tier Connectors & Hardware & Battery Cable Connectors']",2,"['Level Indicator', 'Pressure Sensor', 'Pressure Transmitter', 'Valve - Spring Reliefs', 'Pressure Gauge', 'Valve - Manual  Block', 'Heater Shell, if present', 'Piping', 'Heater tubes, if present', 'Electric Heating Element, if present', 'Blower Motor', 'Level Transmitter', 'Blower Sheaves and Belts, if present', 'Blower Intake Filter', 'Thermocouple', 'Blower', 'Vaporizer vessel']"
3,Bearing_Rolling_Grease_V0,Bearing - Rolling Element - Grease,"['Bearing Seals', 'Grease', 'Grease Fittings (e.g. Zirc type)', 'Bearing housings', 'Bearings - Rolling Element']",3,"['Pump Motor (Pump Vertical - Multistage)', 'Heat Exchanger (Plate Type)', 'Flow Restrictor', 'Heat Exchanger - Sample Cooler', 'Pipe and Fittings', 'Valve - Temperature & Flow Control Valves (Air Operated)', 'Valve - Manual - Vent, Drain, and Isolation (Gate, Globe, Plug)', 'Valve - Manual - Vent, Drain, and Isolation (Diaphragm type)', 'Valve - Ball (Manual)', 'Valve - Ball (Air Operated)', 'Valve - Piston Operated (Air)', 'Valve - Diaphragm (Air Operated)', 'Silencer(s)', 'E-Stops and Interlocks', 'Instrumentation - Indicator, Transmitter, Sensor Element, & Switch (Level, Pressure, Temperature)', 'Strainer', 'Instrumentation - Gauges or Indicators (Temperature, Pressure)', 'Separator', 'Valve - Check (Swing Type)', 'Fasteners and Hardware', 'Control Panel and Enclosure (Control Module, Disconnect, Main Circuit Breaker, Relays, Terminations, Power Supply, Lights, Switches, Alarms, Wiring, etc.)', 'Pipe - Instrument Penetrations, and Thermowells', 'PLC and HMI - (Programmable Logic Controller and Human Machine Interface Touch Screen)', 'Valve - SOV Operated', 'Autoclave (Chamber, Door, Closing Device, Seal or Gasket, Steam Jacket, Insulation)', 'Tank', 'Tri-Clamp Isolation Devices', 'Flex Hoses, Flex Lines, and Fittings', 'Pipe Insulation', 'Pump (Vertical - Multistage)', 'Pump - Vacuum (Liquid Ring)', 'Steam Trap (Balanced Pressure Thermostatic Type)', 'Valve - Pressure Relief', 'Ground or Earth Connection', 'Valve - Pressure Control Valve (Diaphragm Manual)']"
4,BULK_BargeUnloader_LadderwMovableBoom_V0,Barge Unloader Ladder Type with Movable Boom,"['Boom Hoist', 'Breasting System', 'Fire suppression', 'Gathering Conveyor', 'Barge Haul System', 'Trolley', 'Fire Suppression', 'Boom']",4,"['Key, if present', 'Wheel Flange', 'Axle Housing', 'Fasteners, bolting', 'Mounting brackets, if present', 'Shaft']"
5,Bulk_CNVR_PolyRollers_and_Frame_V0,Material Handling - Conveyor - Polyurethane Rollers and Frame,"['Bearing Seals', 'Idler Rollers (Polyurethane)', 'Grease', 'Support Frame and Structure', 'Grease Fittings and Supply Tubing', 'Bearings - Rolling Element']",5,"['Maintenance Bypass Switch', 'Muffin fans', 'Input / Output Filter Choke and Commutating Chokes', 'Metering Instruments (e.g. voltmeter, frequency meter, status lights)', 'Capacitors, Electrolytic', 'Power Semiconductor Components', 'Input Fuse', 'Fuse holder', 'Printed Circuit Boards (Firing circuit, Oscillator, Alarm, Sync, Metering circuits)', 'Static Switch', 'Capacitors, Commutation and Other Filled', 'Transformer']"
6,Bulk_Feeder_Screw_InDirectDrive_V0,Feeder - Screw Auger - In-Direct Drive,"['Auger Agitator, if present', 'Lubrication - Grease Fittings (e.g. Zirc type, feed tubes), if present', 'Auger Shaft Pillow Block Bearing, if present', 'Foundation', 'Drive Chain or Belt Tensioner', 'Drive Mounting Bracket', 'Auger Shaft Coupling', 'Drive Chain or Belt', 'Drive Sprockets or Sheaves', 'Lubrication - Gearbox Oil or Gearlube, if present', 'Drive Gearbox', 'Auger', 'Drive Chain or Belt Guard', 'Drive Motor Leads and Electrical Connections', 'Intake or Discharge Hopper or Housing', 'Feeder Tube or Tray Gaskets or Seals', 'Auger Shaft Seal or Packing', 'Hardware & Fasteners (general)', 'Feeder Guards', 'Lubrication - Grease (Motor, Pillow Block,  and some Gearboxes)', 'Drive Motor', 'Drive Chain']",6,"['Posts and Straps', 'Vent or Flame Arrestor', 'Separators & Retainers', 'Jar', 'InterCell and InterTier Connectors and Hardware and Battery Cable Connectors', 'Lid', 'Posts', 'Jar and Lid', 'Electrolyte', 'Plates', 'Rack']"
7,Bulk_Pulverizer_2,Pulverizer - Coal - Roll Wheel Type,"['Pyrite Plow', 'Dynamic Classifier Electric Motor', 'Intermediate Housing', 'Lube Oil Skid - Heater', 'Tempering Air Damper Seal Ring', 'Mill Motor', 'Roll Assembly', 'Classifier Blades', 'Spring Load System - Tension members', 'Feeder', 'Yoke (Grinding Table)', 'Pyrite Plow - Large Bottom Bowl', 'Lube Oil Skid - Oil Pump', 'Primary Air Fan Motor', 'Roll Wheels/Tires', 'Valves - Outlet Knife Gate or Swing types', 'Classifier Cone', 'Gearbox', 'Primary Air Fan - Bearings', 'Spring Load System - Springs', 'Primary Air Fan - Housing', 'Pipes - Coal Outlet', 'Spring Load System - Hydraulic cylinder', 'Pyrite Box', 'Lube Oil Skid - Filter', 'Discharge Turret Plates', 'Lube Oil Skid - Cooler', 'Segmented Grinding Ring', 'Top Housing', 'Pyrite Plow - Small Bottom Bowl', 'Rotating Throat Assembly', 'Tempering Air Damper', 'Feeder Controls', 'Primary Air Fan - Blades', 'Rotating Throat Wall Assembly']",7,"['Jar & Lid', 'Vent or Flame Arrestor', 'Inter Cell and Inter Tier Connectors and Hardware and Battery Cable Connectors', 'Posts', 'Electrolyte', 'Plates', 'Rack']"
8,CBL_Power_Buried_2,Cable - Buried Power - Jacketed - EPR-DF,"['Cable - insulation', 'Cable - neutral (concentric or taped only)', 'Splices', 'Terminations', 'Cable - outer jacket', 'Cable - conductor', 'Cable - insulation shield']",8,"['Posts and Straps', 'Vent or Flame Arrestor', 'Separators & Retainers', 'Jar', 'InterCell and InterTier Connectors and Hardware and Battery Cable Connectors', 'Lid', 'Posts', 'Jar and Lid', 'Electrolyte', 'Plates', 'Rack']"
9,CBL_PWR_PLT_PINK_EPR_DF_DuctNS_2,"Cable - Plant - 5kV - Pink EPR - Discharge Free - Jacketed-Non-Shielded - Duct/Conduit/Tray - wet/dry cable, outdoor termination, no splice","['Terminations - outdoor', 'Cable - conductor', 'Cable - outer jacket', 'Cable - insulation']",9,"['Battery - Case', 'Battery - Plates', 'Battery - Pressure Relief Valve', 'Battery - Cabinet or Rack', 'Connections to Battery Charger and Primary Distribution', 'Battery - Group Bar (Collector)', 'Battery - Inter Cell and Inter Tier Connectors & Hardware & Battery Cable Connectors', 'Battery - Posts']"
10,CBL_PWR_PLT_PINK_EPR_DF_UG_1,"Cable - Plant - 5-35kV - Pink EPR - Discharge Free - Jacketed-Shielded - Underground - wet cable, outdoor/dry termination, wet splice","['Cable - insulation', 'Terminations - outdoor or dry', 'Terminations - outdoor', 'Splices', 'Cable - taped metal shield', 'Cable - insulation shield (extruded polymer)', 'Cable - outer jacket', 'Cable - conductor']",10,"['Pressure Sensing Assembly Prox Switches Lever', 'Motor Controller (Allen Bradley)', 'Pulleys - Idler', 'Feeder Air Handler Assembly (including motor, pump, filter and regulator)', 'Pulleys - Flanged (Timing)', 'Feeder Paddle Stop Proximity Switch', 'Wide Field of View Assembly - Read Head', 'PIE Boards (Transport, Elevator, Reader and Transition)', 'Feeder Pressure Sensing Lever Assembly', 'Feeder Stripper Assembly', 'Gate Driver Boards', 'Wiring and Cables (Power and Signals Communications)', 'USB to Serial Converter (Edgeport) Connector (Reader Module)', 'Pulleys - Driven', 'Door Panel Assembly', 'Feeder Pressure Lever Assemblies', 'Power Factor Correction Capacitor Bank', 'System Host Computer', 'Feeder Phenolic Chain Guide', 'P-LED10 Circuit Card (Photocell Emitter)', 'Feeder Paddle Drive Gear Motor', 'Feeder Belt Pulleys', 'Stacker Diverter Plate Cover Assembly (Wimpy Panel and Interlocks)', 'Mechanical Roller & Bearing Assemblies', 'Stacker Module Transport and Drive Belts', 'Feeder Staging Belt Tension Sprocket', 'Jogger Power Cable and Connector', 'Jogger Paddle Assembly', 'Maintenance Key Switch', 'Start Warning Horns', 'Stacker Drive Shaft Assembly', 'Stacker Warning Lamps', 'E-Stops', 'ICS Reader (Read Head and Electronics Enclosure)', 'Pulleys - Drive', 'Feeder Letter Present Photo Sensor', 'Card Cage Fan\n\n(Transport and Reader Module)', 'Stacker LCD Display Panel', 'Finger Guard Assembly (Stacker)', 'Circuit Breaker Panel Assembly (Feeder Module)', 'Feeder Paddle Pawl Assembly', 'Feeder Module Transport and Drive Belts', 'P-RBK 11 Back Plane Assembly (Reader Module)', 'E-Stops and Interlocks', 'Auger Belts O-Ring (Stacker)', 'Feeder Staging Belt Servo Motor Cables and Connectors', 'Feeder Pick Off Belt Servo Motor', 'Mode Indicators', 'LI1 Photocell (Jam Detection)', 'Feeder Tach', 'Feeder Slide Switch', 'P-DZ90 Circuit Card (Photocell)', 'Jogger Motor', 'Universal Light Barrier (ULB)', 'Jogger Vibration Control Cable Assembly', 'Stacker Volume Switches', 'Feeder (Paddle) Guide Sleeve Assembly', 'Gate Stop Assembly (Reader and Stacker)', 'Feeder Staging Belt Drive Servo Motor', 'Pusher Assembly (Stacker)', 'Auger Assembly (Stacker)', 'Stacker Back Plane Chassis Assembly P-SBK 11 with PCB (P-STK-11/P-STK-03)', 'Receptacle Box (Transport Module)', 'Wide Field of View Assembly - Computer', 'Feeder Staging Belt Drive Servo Motor Sprocket', 'Jogger Ground Straps', 'Feeder Control Board SE-04', 'Feeder Take-Away Pressure Roller Assemblies', 'Feeder Paddle Drive Gear Motor Sprocket', 'Operator Panel Assembly (OPA) Indicators', 'Jogger Drive Link', 'Jogger Motor Pulley', 'Edging Roller Sensor', 'Stacker Switch Mount Molded', 'Stacker Four-Pocket, Pocket Assembly with Teflon Guide Strips', 'Stacker Manual Motor Starter (Thermal Breaker)', 'Filter\n\n(Transport and Reader Module)', 'Pressure Sensing Assembly Prox Switches', 'Descriptor Bus Terminator (Reader and End Stacker Module)', 'Feeder Pick Off Belt Servo Motor Cables and Connectors', 'Feeder Jam Release Slide Assembly', 'Reader Control Relays', 'Stacker Circuit Card Assemblies (P-PMB 32)', 'P-PMB32 Solenoid Driver Back Plane', 'Reader Diverter Back Plane Driver Assembly (P-P-WMMB-3), shown in elevator module', 'Label Printers (Stacker Modules)', 'Reader & Stacker Diverter Gate Assembly', 'Drive Motor AC (Transport, Stacker & Elevator Module)', 'Operator Panel Assembly Switches (Pwr On/Off)', 'Feeder (Paddle) Guide Sleeve Assembly Index Bearing', 'Reader Foam Roller', 'RET Module Transport and Drive Belts', 'Feeder Power Supplies, 5V and 24V', 'Feeder Paddle Wear Plate', 'Main Power Distribution Unit', 'Label Printers (Stacker Module)', 'Jogger Vibration Control Assembly', 'Feeder Paddle Pressure Sensor Controller (Fiberoptic)', 'Feeder Staging Belt', 'Terminal Strips', 'Wide Field of View Assembly - Transformer', 'Stacker Lower Front Panel Assembly', 'Power Supplies, 24 and 42 VDC', 'Stacker Arm Spring Assembly', 'Circuit Card Assemblies (P-MCU xx, P-DRM 11, P-DRM 20, P-PDI 02, P-BAB 1, P-MIO96, P-TIF03, P-IJP-02)', 'Jogger Drive Belt', 'Stacker Fence Support Assembly including Bumper Support Assembly with Low Friction Tape', 'Feeder Paddle Tension Chain Sprocket', 'Air/Vacuum Tubing', 'Jogger Pillow Block Bearings and Shaft', 'Feeder Pick Off Belts', 'Feeder Paddle Drive Gear Chain', 'Tach Transducers (Reader & Transition Module)', 'Feeder Paddle Pressure Sensor (Fiberoptic)', 'Feeder A-18 Connector Board', 'Feeder Staging Belt Drive Gear Chain', 'Feeder Wear Compensation Arm Assembly', 'Fuses (Reader and Stacker Modules)', 'Circuit Breaker Panel Assembly (Transport & Reader Module)', 'Start Up Warning Lamps']"
11,COMP_Air_3,Compressor - Reciprocating,"['Inter and After Cooler, Tubes', 'Crosshead and Connecting Rods', 'Fasteners and Hardware', 'Pulleys and Belts', 'Total Closure Valve and Relief Unloader Valve', 'Frame and Mounting', 'LP and HP Cylinders', 'Gaskets, O-Rings, and Packing', 'Inlet Air Filters, Oil Bath Type', 'Shaft', 'Traps', 'Relays', 'Inlet and outlet valves and check valves', 'Scraper rings and packing', 'Piston rings and liner', 'Tubing and Fittings', 'Shaft seal', 'Bearings', 'Lubricators', 'Inter and After Cooler, Tube sheets and baffles', 'Lubrication', 'Inlet Air Filters, Element Type']",11,"['Bearing Seals (all types)', 'Bearing Seals (contact type)', 'Bearing housings', 'Bearing Seals (non-contact type)', 'Lubrication - Oil', 'Bearings - Rolling Element']"
12,CoolingTower_MechDraft_Crossflow_V1,Cooling Tower - Mechanical Draft - Cross Flow,"['Coupling - disc pack or diaphragm, if present', 'Motor rotor fans and hardware', 'Gearbox bolting', 'Motor gaskets', 'Cold water basins and walls', 'Motor frame', 'Gearbox base or mounting', 'Motor bearing grease seals', 'Structural members - FPR (deck members, beams, columns, joints), if present', 'Wind vanes, if present (to direct air motion radially)', 'Drift eliminators - cellular type', 'Gearbox pressure relief valve, if present', 'Structural members - concrete (deck members, beams, columns, joints), if present', 'Motor stator laminations', 'Motor lubrication - grease - open bearing', 'Motor fan - external', 'Motor anti-rotation device, if present', 'Stairs and walkways - concrete type', 'Motor space heaters', 'Drive shaft - graphite composite', 'Louvers - FRP type', 'Tower anchorage', 'Hot water distribution valve', 'Gearbox shaft oil seals', 'Gearbox oil line (external), if present', 'Cold water basins', 'Stairs and walkways - hardware', 'Vibration sensors and instrumentation', 'Fill', 'Fan assembly', 'Gearbox instrumentation (oil temperature, oil level)', 'Motor bearing lubrication delivery & drain tubes', 'Structural hardware (e.g. fasteners, shear connectors, diagonal straps)', 'Shroud', 'Stairs and walkways - FRP type', 'Gearbox oil breather', 'Louvers - concrete type', 'Structural members - wood (deck members, beams, columns, joints), if present', 'Gearbox bearings - rolling element (radial and thrust)', 'Drift eliminators - blade type (wood type)', 'Motor rotor bars and shorting rings (cast type)', 'Gearbox gears', 'Vibration trip switch', 'Hot water header - FRP only', 'Drift eliminators - blade type (PVC type)', 'Gearbox oil', 'Louver ice retainers (sacrificial)', 'Louvers - plywood type', 'Motor lubrication - grease - shielded bearing', 'Stairs and walkways - wood type', 'Casing', 'Drift eliminators - blade type (all types)', 'Motor base', 'Louver support arms - concrete type', 'Motor stator windings', 'Gearbox anti-rotation device, if present', 'Gearbox fan - external', 'Gearbox sump oil heater, if present', 'Motor endbells or bearing housings', 'Motor shaft', 'Motor stator winding - blocking, bracing, and wedges', 'Gearbox oil line (suction only), if present', 'Louvers - all types', 'Motor lubrication - grease', 'Hot water distribution downtakes', 'Structural members - concrete (beams only), if present', 'Motor bearings - rolling element', 'Motor leads and electrical connections', 'Coupling - pin and bushing, if present', 'Gearbox gaskets', 'Hot water basin']",12,"['Gears', 'Grease', 'Feet and Lifting Lugs', 'Bearings - Roller', 'Driving Shaft Bearing Cover', 'Grease release vents', 'Oil or Grease Seals', 'Disc Springs', 'Bearings - Thrust', 'Oil Thrower', 'Impeller Rotors', 'Fasteners', 'Air Filter - Cartridge type', 'Gear Trough (i.e. splash cover)', 'Headplates', 'O-Rings', 'Air Intake Housing', 'Cylinder', 'Fibre Washers', 'Gaskets', 'Oil', 'Impeller Shafts', 'Base Plate', 'Gear Case']"
13,CPLG_Gear_2,Coupling - Gear Type - Grease Lubricated,"['Fasteners', 'Gear teeth', 'Grease', 'Sleeve gasket or o-ring, if present', 'Sleeve labyrinth seal, if present', 'Sleeve mating gasket']",13,"['Heating Elements (Baskets) - Supports', 'Lube Oil System (Guide Bearing, Support Bearing, Rotor Drive)', 'Guide Bearing Air Seal Cover', 'Auxiliary Drive Air Compressor, Tank, Air Filter, Oiler, and Solenoid Valve', 'Rotor Assembly (Diaphragm, Stay Plates, Shell, Post, Trunnions)', 'Soot Blower', 'Support Radial Bearing (Rolling Element)', 'Lube Oil Metering Orifice, if present', 'T-Bars', 'Heating Elements (Baskets) - Cold', 'Instrumentation - Pressure and Temperature (Local, DCS, Control Room)', 'Pinion Shaft Seal', 'Drive Gearbox oil cooler, if present', 'Drive Gearbox', 'Lube Oil (Guide Bearing, Support Bearing, Rotor Drive)', 'Support Bearing (Tilt Pad Type)', 'Pin Rack', 'Support Radial Bearing Stub Shaft', 'Heating Elements (Baskets) - Hot', 'Support Bearing Cover Shield', 'Drive Gearbox Frame', 'Support Bearing Housing', 'Drive Pinion Gear', 'Auxiliary Drive Air Motor', 'Support Bearing Air Seal Cover', 'Heating Elements (Baskets) - Intermediate, if present', 'Guide Bearing (Rolling Element)', 'Auxiliary Drive Air Compressor, Tank, Filter, Oiler, and Solenoid Valve', 'Guide Bearing Housing', 'Air Pre-Heater Housing', 'Seals (Axial, Radial, Bypass/Circumferential, Post)', 'Drive Motor - Electric (Main or Auxiliary)', 'Seal Plates (Hot Radial, Cold Radial, Axial, Sector)', 'Drive Motor and Gearbox Couplings', 'Lube Oil Cooling Heat Exchanger (Guide Bearing, Support Bearing, Rotor Drive)']"
14,CPLG_RBR_4,Coupling - Elastomeric Type - Synthetic Gear,"['Hub', 'Gear teeth (elastomeric)', 'Hub fasteners']",14,"['Bolting, hardware, and fasteners', 'Air or Pneumatic Cylinder - Support rods and end caps, if present', 'Air or Pneumatic Cylinder, Piston Ring, if present', 'Air or Pneumatic Cylinder, Piston, and Rod', 'Air or Pneumatic Cylinder', 'Brake Disc', 'Frame', 'Torque spring', 'Air or Pneumatic Cylinder - Hose Connection Ports', 'Brake Pads, or Shoes', 'Air or Pneumatic Cylinder, Piston, and Rod - Seals', 'Clevis pins, if present', 'Air Line Connector', 'Mechanical linkages and brake arms', 'Air or Pneumatic Cylinder - Bearings or Bushings, if present']"
15,Crane_Cable_WireRope_V0,Crane - Hoist Cable - Wire Rope,"['Cable (Wire Rope) Anchor Clamps and Pin', 'Cable (Wire Rope)']",15,"['Brake Linings, Pads, or Shoes', 'Holding or Pull-in coil', 'Connector and wiring', 'Frame', 'Torque spring', 'Brake Drum', 'Clevis pins, if present', 'Pivot needle bearings', 'Mechanical linkages and brake arms', 'Bolting, hardware, and fasteners', 'Magnetic air gap']"
16,Crane_Hook_Block_1_V0,Crane - Hook Block Assembly,"['Lubrication - Grease', 'Bearings - Rolling Element Type', 'Grease Fittings', 'Sheaves', 'Sheave Pin (shaft)', 'Sheave Housing', 'Rope (Cable) Guard', 'Trunnion Pin', 'Sheave Pin Keepers', 'Bolting and Fasteners', 'Bearing Grease Seals']",16,"['Cantilever (Fixed Boom)', 'Trolley', 'Fire suppression', 'Gathering Conveyor', 'Fire Suppression', 'Barge Haul System', 'Breasting System', 'Boom']"
17,Cylinder_Hydr_1_V0,Cylinder_Hydraulic,"['Hydraulic Cylinder, Piston Ring, if present', 'Hydraulic Cylinder - Bearings or Bushings, if present', 'Grease Fittings (e.g. Zirc Type), if present', 'Hydraulic Cylinder, Piston, and Rod - Seals', 'Hydraulic Cylinder - Support rods and end caps, if present', 'Hydraulic Cylinder - Hose Connection Ports', 'Hydraulic Cylinder, Piston, and Rod', 'Hydraulic Cylinder']",17,"['Rollers - other', 'Holdback - oil filled', 'Fire suppression piping', 'Emergency stop pull cord', 'Holdback - grease filled', 'Pulley bearings', 'Fire sensor', 'Pulleys', 'Anti-static brush', 'Rollers - static steering', 'Misalignment switch', 'Belt steering device or power trainer, if present', 'Rollers', 'Scale, if present', 'Fire suppression nozzle(s)', 'Speed switch', 'Scrapers, if present', 'Belt']"
18,DG_Pipe_Coupling_1,Pipe - Coupling - Dresser Type,"['Leak-off Penetration, if present', 'Bolted Fasteners', 'Follower', 'Gaskets', 'Middle Ring']",18,"['Conveyor frame, belt skirting, mounting, and cover', 'Motor stator laminations', 'Speed switch (main belt)', 'Motor and Gearbox bearing shaft seals', 'Product scale, if present', 'Motor leads and electrical connections', 'Motor rotor bars and shorting rings (cast type)', 'Motor or machine grounding wire', 'Lubrication - oil', 'Gearbox - oil breather', 'Drive chain', 'Gearbox - gears', 'Holdback (main belt) - oil filled', 'Anti-static brush (main belt)', 'Gearbox bearings - rolling element (radial and thrust)', 'Motor stator winding blocking, bracing, wedges, and ties', 'Rollers and guides (main belt) - static steering', 'Rollers and guides (main belt)', 'Pulleys (main belt)', 'Pulley bearings (main belt)', 'Steering device or power trainer (main belt), if present', 'Lubrication - grease', 'Motor and Gearbox frame, enclosure, mounting, housing, or gear case', 'Scrapers or belt cleaners  (main belt), if present', 'Main belt', 'Emergency stop', 'Drive sprockets', 'Holdback (main belt) - grease filled', 'Motor external fan & cover', 'Motor stator windings', 'Motor output shaft', 'Misalignment switch (main belt)', 'Motor bearings - rolling element (radial only)', 'Gearbox - gaskets', 'Rollers and guides (main belt) - other', 'Motor space heaters, if present']"
19,DG_RLY_CTL_DHC_1,Relay - Control - Electromechanical - De-energized - High Cycle,"['Contacts', 'Coil', 'Wiring, crimps, and terminations', 'Mechanical Assembly']",19,"['Motor shaft', 'Conveyor frame, belt skirting, mounting, and cover', 'Motor stator laminations', 'Speed switch (main belt)', 'Motor leads and electrical connections', 'Motor rotor bars and shorting rings (cast type)', 'Motor or machine grounding wire', 'Motor endbells or bearing housings', 'Holdback (main belt) - oil filled', 'Anti-static brush (main belt)', 'Motor stator winding blocking, bracing, wedges, and ties', 'Scale, if present', 'Rollers and guides (main belt) - static steering', 'Rollers and guides (main belt)', 'Pulleys (main belt)', 'Pulley bearings (main belt)', 'Steering device or power trainer (main belt), if present', 'Scrapers or belt cleaners  (main belt), if present', 'Main belt', 'Lubrication', 'Emergency stop', 'Motor bearing shaft seal', 'Holdback (main belt) - grease filled', 'Motor external fan & cover', 'Drive pulleys and belts', 'Motor stator windings', 'Misalignment switch (main belt)', 'Motor bearings - rolling element (radial only)', 'Motor frame, enclosure, and mounting', 'Rollers and guides (main belt) - other', 'Motor space heaters, if present']"
20,DG_RLY_CTL_DLC_1,Relay - Control - Electromechanical - De-energized - Low Cycle,"['Contacts', 'Coil', 'Wiring, crimps, and terminations', 'Mechanical Assembly']",20,"['Feeder Belt', 'Motor Leads and Electrical Connections (Belt or Clean-Out)', 'Motor Stator Windings (Belt or Clean-Out)', 'Rollers (Belt or Clean-Out)', 'Motor Bearings - Rolling Element (Belt or Clean-Out)', 'Speed Switch and Sensor (Belt or Clean-Out)', 'Internal Wiring and Connections (Load Cell, Speed sensor, Port Lights, etc.)', 'Motor Stator Laminations (Belt or Clean-Out)', 'Lubrication - Grease', 'Fire suppression nozzle(s)', 'Feeder Frame and Housing', 'Motor Rotor Cast Type (Belt or Clean-Out)', 'Motor and Gearbox Couplings (Belt or Clean-Out)', 'Feeder Belt Skirting', 'Fire suppression piping', 'Gearbox and Motor - Frames, Enclosures, Mounting, Housing, or Gear Case  (Belt or Clean-Out)', 'Leveling Bar', 'Fire sensor', 'Lights', 'Motor or Feeder Grounding Wire (Belt or Clean-Out)', 'Seal Air Valve', 'Gearbox (Belt and Clean-Out)', 'Feeder Clean-Out Assembly', 'Pulley Bearings - Head, Tail, Tension', 'Feeder Belt Support Pan', 'Feeder Belt Scrapers or Cleaners', 'Lubrication - Oil', 'Motor and Gearbox - Bearing Shaft Seals (Belt or Clean-Out)', 'Feeder Belt Load Cell, if present', 'Motor External Fan & Cover (Belt or Clean-Out)']"
21,Filter_Strainer_1,Filter - Strainer - Mechanical,"['Cover O-Ring or Gasket Seal', 'Cover', 'Mechanical Filter and Strainers, e.g. Metal, Cellulose, and Synthetic Fiber Medias']",21,"['Variable Speed Drive Motor Stator Windings', 'Body', 'Variable Speed Drive Motor Leads and Electrical Connections', 'Variable Speed Drive Motor - Frames, Enclosures, Mounting, Housing', 'Roll Shaft', 'Roll Spider', 'Feeder Hot Air Slot or Plug', 'Variable Speed Drive Motor - Bearing Shaft Seals', 'Variable Speed Drive Motor or Feeder Grounding Wire', 'Variable Speed Drive Motor - Rolling Element', 'Variable Speed Drive Motor Rotor Cast Type', 'Lubrication - Grease', 'Variable Speed Drive Motor Stator Laminations', 'Liner (Housing, Door, Roll End)', 'Variable Speed Drive Motor External Fan & Cover', 'Hinge Leveling Gate Assembly', 'Drive Chain and Sprocket', 'Motor External Fan & Cover (Belt or Clean-Out)']"
22,FLEX_COMP_PORT_INSTRU_SCREW_T3DPF_Diesel_V0,FLEX or FLEX SUPPORT - Air Compressor - Portable Instrument Air - T3 DPF/DOC Diesel Driven,"['Diesel - Compressor Coupling - Hub fasteners', 'Diesel - Lube Oil', 'Diesel - Head Gasket', 'Trailer - Electric Lights and Wiring', 'Diesel - Filters - Oil', 'Diesel - Fuel Tank', 'Diesel - Linkages and Controls', 'Compressor - Screw Elements', 'Diesel - Muffler', 'Trailer - Hitch or Coupling', 'Diesel - Starter', 'Trailer - Wheel Bearings', 'Trailer - Tires', 'Diesel - Fuel Lines', 'Diesel - Camshaft, Lobes, and Bushings', 'Diesel - Oil Cooler', 'Trailer - Wheels Rims', 'Diesel - Compressor Coupling - Elastomeric element', 'Diesel - Turbocharger Exhaust Flex Hoses', 'Diesel - Vibration Damper or Harmonic Balancer', 'Diesel - Turbocharger Exhaust Inlet Screen (if present)', 'Compressor - Fasteners and Hardware', 'Diesel - Radiator Cap', 'Diesel - Radiator Tubing', 'Diesel - Filter - Inlet Air (Element Type)', 'Diesel - Alternator and Diodes', 'Diesel - Connecting Rod', 'Trailer - Frame', 'Diesel - Lube Oil Pressure Control Device, if present', 'Diesel - Fuel Hoses', 'Diesel - Compressor Wiring Harness', 'Diesel - Water Pump', 'Diesel - Cylinder Liners', 'Diesel - Coolant', 'Diesel - Valve Train - Rocker Arms with Rollers', 'Diesel - Emission Control - DPF/DOC (Diesel Particulate Filter - Diesel Oxidation Catalyst)', 'Compressor - Fluid (oil) Temperature Bypass Valve', 'Diesel - Electrical Devices (e.g. sensors, solenoids, relays, meters, switches, fuses, lights)', 'Diesel - Engine Valve Train', 'Diesel - Fuel Pump, High Pressure', 'Diesel - Engine Mounts', 'Diesel - Engine Valve Stem', 'Diesel - Belts, Sheaves, and Idler', 'Diesel - Turbocharger (VGT Types) - Vane Angle Control and Linkage', 'Diesel - Injectors', 'Diesel - Cylinder head', 'Diesel - Radiator Fan Variable Clutch, if present', 'Diesel - Crankshaft Bearings (Main, Thrust, and Connecting rod)', 'Diesel - Turbocharger Oil Lines (rigid or flexible)', 'Diesel and Compressor Base Plate or Frame', 'Compressor - Aftercooler (radiator type)', 'Compressor - Safety Relief Valve', 'Compressor - Fluid (oil) Lines', 'Diesel - Fuel Tank Strainer, if present', 'Diesel - Cam Follower Roller, if present', 'Diesel - Coolant or Block Heater, if present', 'Diesel - Gaskets, Seals, and O-rings (Internal and External Elastomer Type )', 'Diesel - Turbocharger (WGT Types) (if present)', 'Diesel - Compressor Coupling - Elastomeric fasteners', 'Compressor - Inlet Air Filter (Element Type)', 'Diesel - Fly Wheel', 'Compressor - Bull Gear', 'Compressor - Outlet Air Filters (Coalescing Type)', 'Trailer - Enclosure - Door Springs', 'Compressor - Fluid (oil) filter', 'Diesel - Compressor Control Panel (e.g. sensors, solenoids, relays, meters, switches, fuses, lights, wiring)', 'Diesel - Exhaust Gas Recirculation (EGR) Cooler', 'Diesel - Digital Controls or ECU', 'Diesel - After Cooler', 'Compressor - Fluid (oil) Cooler - Tube Sheets & Fins', 'Diesel - Timing Gears (if present)', 'Compressor - Fluid (oil) - Lubricating and Cooling', 'Diesel - Radiator', 'Compressor - Bearings - Rolling Element', 'Diesel - Battery Charger, if present', 'Diesel - Fuel', 'Compressor - Moisture Separator Tank Drain Valve or Trap', 'Diesel - Air Box', 'Diesel - Pistons', 'Compressor - Gaskets and O-rings', 'Diesel - Push Rods', 'Diesel - Thermostat', 'Diesel - Fuel-Water Separator Element, if present', 'Diesel - Crankcase Air Breathers', 'Diesel - Exhaust Gas Recirculation (EGR) Valve', 'Compressor - Shaft Seals', 'Diesel - Fuel Tank Breather or Vent', 'Trailer - Enclosure , Doors and Latches', 'Trailer - Suspension', 'Diesel - Fuel Pump, Transfer (Lift)', 'Diesel - Injector Tubing', 'Compressor - Outlet Air Filter Differential Pressure Switch', 'Trailer - Leveler (Jack Stand)', 'Diesel - Wiring Harness', 'Diesel - Piston Wrist Pin Bearings', 'Compressor - Pressure Regulator', 'Diesel - Filters - Fuel', 'Diesel - Hydraulic Lifter, if present', 'Diesel - Radiator Fan', 'Diesel - Engine Valve Springs', 'Diesel -  Filter- Turbocharger Lube Oil (if present)', 'Diesel - Battery', 'Diesel - Turbocharger (All Types)', 'Diesel - Compressor Coupling - Hub', 'Compressor - Moisture Separator Tank', 'Compressor - Unloader', 'Diesel - Engine Valve Seats', 'Diesel - Lube Oil Pump', 'Diesel - Radiator Hoses']",22,"['Roller Positioning and Speed Sensor', 'Support Frame and Structure', 'Wiring (Powered Rollers and Position Sensors)', 'Powered Rollers', 'Idler Rollers', 'Thrust Rollers']"
23,FLEX_COMP_PORT_INSTRU_SCREW_T3NET_Diesel_V0,	FLEX or FLEX SUPPORT - Air Compressor - Portable Instrument Air - T3 NET Diesel Driven,"['Diesel - Compressor Coupling - Hub fasteners', 'Diesel - Lube Oil', 'Diesel - Head Gasket', 'Trailer - Electric Lights and Wiring', 'Diesel - Fuel Tank', 'Diesel - Linkages and Controls', 'Compressor - Screw Elements', 'Diesel - Inlet Air Filters (Element Type)', 'Diesel - Muffler', 'Trailer - Hitch or Coupling', 'Diesel - Starter', 'Trailer - Wheel Bearings', 'Trailer - Tires', 'Diesel - Fuel Lines', 'Diesel - Camshaft, Lobes, and Bushings', 'Diesel - Oil Cooler', 'Trailer - Wheels Rims', 'Diesel - Compressor Coupling - Elastomeric element', 'Diesel - Vibration Damper or Harmonic Balancer', 'Compressor - Fasteners and Hardware', 'Diesel - Radiator Cap', 'Diesel - Radiator Tubing', 'Diesel - Alternator and Diodes', 'Diesel - Connecting Rod', 'Trailer - Frame', 'Diesel - Lube Oil Pressure Control Device, if present', 'Diesel - Fuel Hoses', 'Diesel - Compressor Wiring Harness', 'Diesel - Water Pump', 'Diesel - Cylinder Liners', 'Diesel - Coolant', 'Diesel - Valve Train - Rocker Arms with Rollers', 'Compressor - Fluid (oil) Temperature Bypass Valve', 'Diesel - Engine Valve Train', 'Diesel - Fuel Pump, High Pressure', 'Diesel - Engine Mounts', 'Diesel - Fuel Filters', 'Diesel - Engine Valve Stem', 'Diesel - Belts, Sheaves, and Idler', 'Diesel - Injectors', 'Diesel - Cylinder head', 'Diesel - Radiator Fan Variable Clutch, if present', 'Diesel - Crankshaft Bearings (Main, Thrust, and Connecting rod)', 'Diesel - Turbocharger Oil Lines (rigid or flexible)', 'Diesel and Compressor Base Plate or Frame', 'Compressor - Aftercooler (radiator type)', 'Diesel - Turbocharger', 'Compressor - Safety Relief Valve', 'Compressor - Fluid (oil) Lines', 'Diesel - Fuel Tank Strainer, if present', 'Diesel - Cam Follower Roller, if present', 'Diesel - Coolant or Block Heater, if present', 'Diesel - Gaskets, Seals, and O-rings (Internal and External Elastomer Type )', 'Diesel - Compressor Coupling - Elastomeric fasteners', 'Compressor - Inlet Air Filter (Element Type)', 'Diesel - Fly Wheel', 'Compressor - Bull Gear', 'Compressor - Outlet Air Filters (Coalescing Type)', 'Trailer - Enclosure - Door Springs', 'Compressor - Fluid (oil) filter', 'Diesel - Compressor Control Panel (e.g. sensors, solenoids, relays, meters, switches, fuses, lights, wiring)', 'Diesel - Digital Controls or ECU', 'Compressor - Fluid (oil) Cooler - Tube Sheets & Fins', 'Diesel - Timing Gears (if present)', 'Compressor - Fluid (oil) - Lubricating and Cooling', 'Diesel - Radiator', 'Compressor - Bearings - Rolling Element', 'Diesel - Battery Charger, if present', 'Diesel - Fuel', 'Compressor - Moisture Separator Tank Drain Valve or Trap', 'Diesel - Air Box', 'Diesel - Pistons', 'Compressor - Gaskets and O-rings', 'Diesel - Push Rods', 'Diesel - Thermostat', 'Diesel - Fuel-Water Separator Element, if present', 'Diesel - Crankcase Air Breathers', 'Compressor - Shaft Seals', 'Diesel - Fuel Tank Breather or Vent', 'Trailer - Enclosure , Doors and Latches', 'Trailer - Suspension', 'Diesel - Fuel Pump, Transfer (Lift)', 'Diesel - Injector Tubing', 'Compressor - Outlet Air Filter Differential Pressure Switch', 'Trailer - Leveler (Jack Stand)', 'Diesel - Piston Wrist Pin Bearings', 'Compressor - Pressure Regulator', 'Diesel - Hydraulic Lifter, if present', 'Diesel - Radiator Fan', 'Diesel - Engine Valve Springs', 'Diesel - Battery', 'Diesel - Compressor Coupling - Hub', 'Compressor - Moisture Separator Tank', 'Compressor - Unloader', 'Diesel - Oil Filters', 'Diesel - Engine Valve Seats', 'Diesel - Lube Oil Pump', 'Diesel - Radiator Hoses']",23,"['Structure and Drive Base', 'Motor Rotor Bars and Shorting Rings (Cast Type)', 'Motor Leads and Electrical Connections', 'Gearbox - Gears', 'Screw Blade', 'Screw Bearings - Rolling Element', 'Motor Output Shaft', 'Motor External Fan & Cover', 'Trough, Stiffeners, and Guard', 'Motor Stator Laminations', 'Lubrication - Grease (Drive Motor, Chain, and Screw)', 'Motor Stator Windings', 'Emergency Stop or Shutoff, if present', 'Screw Shaft', 'Motor Bearings - Rolling Element (Radial Only)', 'Gearbox - Gaskets', 'Motor Stator Winding Blocking, Bracing, Wedges, and Ties', 'Motor Space Heaters, if present', 'Drive Chain Guard', 'Lubrication - Oil (Drive Gearbox)', 'Gearbox - Oil Breather', 'Motor and Gearbox Frame, Mounting, Gear Case', 'Drive Sprockets', 'Drive Chain', 'Screw Bearing Housings', 'Motor and Gearbox Bearing Shaft Seals', 'Gearbox Bearings - Rolling Element (Radial and Thrust)', 'Motor or Conveyor Grounding Wire', 'Screw Bearing Seals']"
24,FLEX_PMP_HORZ_PackingSeal_IT4DPF_Diesel_V0,FLEX - Pump - Horizontal - Packing Seal - IT4 DPF/DOC Diesel Driven,"['Pump - Lubrication - Grease', 'Diesel - Lube Oil', 'Pump - Shaft', 'Diesel - Head Gasket', 'Diesel - Hydraulic Lifter (if present)', 'Diesel - Fuel-Water Separator Element', 'Diesel - Fuel Tank', 'Diesel - Linkages and Controls', 'Diesel - Inlet Air Filters (Element Type)', 'Trailer - Hitch or Coupling', 'Diesel - Starter', 'Trailer - Electric Brakes', 'Trailer - Wheel Bearings', 'Trailer - Tires', 'Diesel - Turbocharger (WGT Types)', 'Diesel - Fuel Lines', 'Diesel - Camshaft, Lobes, and Bushings', 'Pump - Impeller', 'Trailer - Wheels Rims', 'Diesel - Lube Oil Pressure Control Device', 'Pump - Check Valve - Seat Failure (Body or Disk)', 'Diesel - Belts and Sheaves', 'Diesel - Turbocharger Exhaust Flex Hoses', 'Diesel - Vibration Damper or Harmonic Balancer', 'Trailer - Hydraulic Brakes', 'Diesel - Turbocharger Exhaust Inlet Screen (if present)', 'Pump - Check Valve - Disk Arm (if present)', 'Trailer - Bed, Frame, and Lifting Lugs', 'Pump - Bearings - Rolling Element (Radial and Thrust)', 'Diesel - Radiator Cap', 'Diesel - Radiator Tubing', 'Diesel - Alternator and Diodes', 'Diesel - Connecting Rod', 'Diesel - Cam Follower Roller (if present)', 'Trailer - Electric Lights', 'Trailer - Levelers', 'Diesel - Fuel Hoses', 'Diesel-Pump - Coupling - Elastomeric Element', 'Diesel - Water Pump', 'Diesel - Cylinder Liners', 'Diesel - Coolant', 'Diesel - Valve Train - Rocker Arms with Rollers', 'Diesel - Emission Control - DPF/DOC (Diesel Particulate Filter - Diesel Oxidation Catalyst)', 'Pump Casing', 'Diesel - Electrical Devices (e.g. sensors, solenoids, relays, meters, switches, fuses, lights)', 'Diesel - Engine Valve Train', 'Diesel - Engine Mounts', 'Pump - Seal - Packing', 'Diesel - Fuel Filters', 'Diesel - Engine Valve Stem', 'Diesel - Turbocharger (VGT Types) - Vane Angle Control and Linkage', 'Diesel - Injectors', 'Diesel - Cylinder head', 'Pump - Connections and Piping', 'Pump - Priming System', 'Diesel - Crankshaft Bearings (Main, Thrust, and Connecting rod)', 'Pump - Discharge and Suction Connections', 'Diesel - Turbocharger Lube Oil Filter (if present)', 'Pump - Check Valve - Rubber Flapper (if present)', 'Pump - Check Valve - Hinge Pin (if present)', 'Diesel - Gaskets, Seals, and O-rings (Internal and External Elastomer Type )', 'Pump - Gaskets and O-Rings', 'Diesel - Fly Wheel', 'Diesel - Exhaust Gas Recirculation (EGR) Cooler', 'Diesel - Digital Controls or ECU', 'Diesel - After Cooler', 'Diesel - Timing Gears (if present)', 'Diesel - Radiator', 'Diesel - Fuel', 'Diesel - Battery Charger', 'Diesel - Radiator Fan Variable Clutch', 'Diesel - Air Box', 'Diesel - Pistons', 'Diesel - Push Rods', 'Diesel - Thermostat', 'Diesel - Coolant or Block Heater', 'Diesel - Crankcase Air Breathers', 'Diesel - Exhaust Gas Recirculation (EGR) Valve', 'Diesel - Fuel Tank Breather or Vent', 'Trailer - Suspension', 'Diesel - Injector Tubing', 'Diesel - Wiring Harness', 'Pump - Bearing Seals - Lip', 'Diesel - Piston Wrist Pin Bearings', 'Diesel - Radiator Fan', 'Diesel - Engine Valve Springs', 'Diesel - Muffler and Silencer', 'Diesel - Battery', 'Diesel - High Pressure Fuel Pump', 'Diesel - Turbocharger (All Types)', 'Diesel - Oil Filters', 'Diesel - Engine Valve Seats', 'Skid - Diesel and Pump Base Plate or Frame', 'Diesel - Lube Oil Pump', 'Diesel - Fuel Tank Strainer (if present)', 'Diesel - Radiator Hoses']",24,"['Guards', 'Drive Motor', 'Drive and Idler Sprockets', 'Switches - Control and Position', 'Drive Gear Reducer', 'Chain', 'Drive and Idler Shafts', 'Drive Couplings', 'Support Frame, Structure, Platforms, Stairs, Walkways, and Hand Rails', 'Switches - Emergency Stop', 'Fasteners', 'Bucket', 'Belt']"
25,FLEX_PMP_LP_Packing_Clutch_T3DPFDOC_Diesel_V0,FLEX - Pump - LP - Packing Seal - Clutch Drive - T3 DPF/DOC Diesel Driven,"['Pump - Bearing Lubrication - Grease', 'Diesel - Lube Oil', 'Pump - Shaft', 'Diesel - Filter - Inlet Air (Element or Cartridge Type)', 'Diesel - Head Gasket', 'Diesel - Hydraulic Lifter (if present)', 'Diesel - Fuel-Water Separator Element', 'Pump - Discharge Valves', 'Diesel - Fuel Tank', 'Diesel - Linkages and Controls', 'Trailer - Hitch or Coupling', 'Diesel - Starter', 'Trailer - Electric Brakes', 'Trailer - Wheel Bearings', 'Trailer - Tires', 'Diesel - Fuel Lines', 'Diesel - Camshaft, Lobes, and Bushings', 'Pump - Casing Drain or Stop Valve, if present', 'Diesel - Lube Oil Pressure Control Device', 'Diesel - Belts and Sheaves', 'Diesel - Cylinder Head', 'Diesel - Turbocharger Exhaust Flex Hoses', 'Diesel - Vibration Damper or Harmonic Balancer', 'Trailer - Enclosure - Doors and Latches', 'Diesel - Turbocharger Exhaust Inlet Screen (if present)', 'Trailer - Jack & Stand', 'Trailer - Bed, Frame, and Lifting Lugs', 'Diesel - Gaskets, Seals, and O-rings (Internal and External Elastomer Type)', 'Pump - Bearings - Rolling Element (Radial and Thrust)', 'Diesel - Radiator Cap', 'Diesel - Radiator Tubing', 'Diesel - Alternator and Diodes', 'Diesel - Connecting Rod', 'Diesel - Cam Follower Roller (if present)', 'Diesel - PTO (present; not normally used in this application and is not expected to affect normal operation)', 'Trailer - Electric Lights', 'Trailer - Wheel Rims', 'Trailer - Battery (Loss of tow power for electric breaks)', 'Trailer - Levelers', 'Diesel - Fuel Hoses', 'Diesel - Electrical Devices (e.g. sensors, circuit breakers, solenoids, relays, meters, switches, fuses, push buttons, microprocessors, digital displays)', 'Diesel - Water Pump', 'Trailer - Electric Brakes and Wiring', 'Pump - Casing and Internals', 'Diesel - Cylinder Liners', 'Diesel - Coolant', 'Diesel - Valve Train - Rocker Arms with Rollers', 'Diesel - Emission Control - DPF/DOC (Diesel Particulate Filter - Diesel Oxidation Catalyst)', 'Diesel - Engine Valve Train', 'Diesel - Engine Mounts', 'Pump - Seal - Packing', 'Pump - Discharge and Suction Headers', 'Diesel - Engine Valve Stem', 'Diesel - Turbocharger (VGT Types) - Vane Angle Control and Linkage', 'Diesel - Injectors', 'Pump - Connections and Piping', 'Diesel - Crankshaft Bearings (Main, Thrust, and Connecting rod)', 'Diesel - Turbocharger Oil Lines (rigid or flexible)', 'Diesel - Turbocharger Lube Oil Filter (if present)', 'Diesel - Filter - Fuel (Pre-Fuel & Final)', 'Trailer - Enclosure - Door Gas Springs', 'Diesel - Turbocharger (WGT Types) (if present)', 'Pump - Gaskets and O-Rings', 'Diesel - Fly Wheel', 'Diesel - Filter - Lube Oil', 'Diesel - Exhaust Gas Recirculation (EGR) Cooler', 'Diesel - Digital Controls or ECU', 'Pump - Impeller and Wear Rings', 'Diesel - After Cooler', 'Diesel - Timing Gears (if present)', 'Diesel - Radiator', 'Diesel - Fuel', 'Diesel - Battery Charger', 'Diesel - Air Box', 'Diesel - Pistons', 'Diesel-Pump Drive Manual Clutch - Internal components, Shaft, Universal Connector, Linkages, Handle', 'Diesel - Push Rods', 'Diesel - Thermostat', 'Diesel - Coolant or Block Heater', 'Diesel - Crankcase Air Breathers', 'Diesel - Exhaust Gas Recirculation (EGR) Valve', 'Trailer - Enclosures - Panels/Control Boxes, including hinges, gaskets, handles', 'Diesel - Fuel Tank Breather or Vent', 'Trailer - Suspension', 'Diesel - Injector Tubing', 'Diesel - Wiring Harness', 'Pump - Bearing Seals - Lip', 'Diesel - Piston Wrist Pin Bearings', 'Pump - Casing', 'Diesel - Radiator Fan', 'Diesel - Engine Valve Springs', 'Diesel - Muffler and Silencer', 'Diesel - Battery', 'Diesel - High Pressure Fuel Pump', 'Diesel - Turbocharger (All Types)', 'Diesel - Engine Valve Seats', 'Skid - Diesel and Pump Base Plate or Frame', 'Diesel - Lube Oil Pump', 'Diesel - Fuel Tank Strainer (if present)', 'Diesel-Pump Drive Manual Clutch - Gasket, Seals and O-rings', 'Diesel - Radiator Hoses']",25,"['Motor', 'Safety cables', 'Bed plate or liner', 'Support cables', 'Feeder springs', 'Lower boot', 'Feeder bed support structure', 'Diverter plates', 'VF wheel', 'Upper boot']"
26,Gearbox_3_V0,Gearbox - Worm Reducer,"['Shaft oil seals', 'Wheel Shaft', 'Worm Shaft', 'Bolting', 'Oil  Breather', 'Dip Stick Tube, if present', 'Casing', 'Worm Wheel', 'Gaskets', 'Oil', 'Sight Glass', 'Bearings - Rolling Element (radial and thrust)', 'Fan']",26,"['Drive Motor', 'Lubrication - Grease Fittings (e.g. Zirc type, feed tubes), if present', 'Drive Motor Leads and Electrical Connections', 'Foundation', 'Auger Shaft Coupling', 'Lubrication - Gearbox Oil or Gearlube, if present', 'Lubrication - Grease (Motor, Pillow Block,  and some Gearboxes)', 'Feeder Guards', 'Drive Gearbox', 'Feeder Tube or Tray Gaskets or Seals', 'Intake or Discharge Hopper or Housing', 'Drive Chain or Belt Tensioner', 'Drive Mounting Bracket', 'Auger Shaft Seal or Packing', 'Auger Shaft Pillow Block Bearing, if present', 'Hardware & Fasteners (general)', 'Drive Sprockets or Sheaves', 'Drive Chain', 'Auger Agitator, if present', 'Drive Chain or Belt', 'Auger', 'Drive Chain or Belt Guard']"
27,Gearbox_Worm_Crane_V0,Gearbox_Worm - Crane Hoist,"['Shaft oil seals', 'Rim Shaft', 'Worm Shaft', 'Worm Rim Gear', 'Bolting', 'External Oil Piping', 'Oil  Breather', 'Dip Stick Tube, if present', 'Casing', 'Oil Gear Pump', 'Gaskets', 'Oil', 'Bearings - Rolling Element (radial and thrust)']",27,"['Paddle Shaft Bearing', 'Drive Motor', 'Lubrication - Grease Fittings (e.g. Zirc type, feed tubes), if present', 'Drive Motor Leads and Electrical Connections', 'Paddle Shaft Seal', 'Foundation', 'Paddle Shaft', 'Lubrication - Gearbox Oil or Gearlube, if present', 'Gaskets or Seals', 'Drive Gearbox', 'Intake or Discharge Hopper or Housing', 'Paddles', 'Drive Chain or Belt Tensioner', 'Drive Mounting Bracket', 'Cleanouts', 'Hardware & Fasteners (general)', 'Drive Sprockets or Sheaves', 'Paddle Shaft Coupling', 'Spray Nozzles, if present', 'Drive Chain', 'Lubrication - Grease (Motor, Shaft Bearing,  and some Gearboxes)', 'Drive Chain or Belt', 'Trough or Mixing Bed', 'Drive Chain or Belt Guard', 'Covers, Guards']"
28,Gen_MG_Set_1_V0,Generator - MG Set with 460V Motor and Generator - Rolling Element - Grease Lubed - Air Cooled,"['Generator Rotor Leads', 'Motor Rotor Mounted Fan', 'Generator Rotor Brush Rigging, if present', 'Generator Lead Box Gaskets, if present', 'Coupling Fasteners', 'Generator Bearing Seals (e.g. slinger, wiping, INPRO)', 'Generator Machine Fits', 'Motor Stator Winding Blocking, Bracing, or Wedges', 'Motor Gasket or O-ring (e.g. connection or lead box covers)', 'Generator Lubrication - Grease', 'Generator Brushless Exciter (shaft mounted) - Rotor Winding Band', 'Coupling Sleeve mating gasket', 'Generator Rotor Bars and Shorting Rings', 'Generator Rotor Fan Blades', 'Coupling Serrations or grooves', 'Coupling Grease', 'Generator Rotor Amortisseur Interpole Connector', 'Motor Bearings - Rolling Element', 'Generator Brushless Exciter (shaft mounted) - Diode Wheel Insulating Mounts', 'Generator Brushless Exciter (shaft mounted) - Rotor Laminations', 'Generator Brushless Exciter (shaft mounted) - Rotor Windings', 'Generator Brushless Exciter (shaft mounted) - Rotor: Windings', 'Motor Endbells or Bearing Housings', 'Motor or Winding Heaters, if present', 'Generator Brushless Exciter (shaft mounted) - Diodes and Fuses', 'Generator Rotor Collector Rings, if present', 'Generator Bearings - Rolling Element', 'Generator Rotor: Windings, pole pieces, and V-blocks (pole wedges)', 'Generator Shaft', 'Generator Rotor Bars, Amortisseur Interpole Connector, and Shorting Rings', 'Generator Voltage Regulator', 'Motor Leads and Electrical Connections', 'Motor Lubrication - Grease', 'Coupling Grid', 'Generator Space Heaters', 'Generator Bearing Housings', 'Generator Brushless Exciter (shaft mounted) - Rotor Leads', 'Generator Rotor Grounding Brushes, if present', 'Motor Frame', 'Generator Rotor Collector Brushes, if present', 'Motor Shaft', 'Generator Bearing Insulation', 'Motor Air Deflectors or Baffles', 'Motor Grease fittings, if present', 'Generator Stator Winding Connections - brazed joints', 'Motor Stator Core', 'Generator Lubrication Delivery Piping & Connections, if present', 'Generator Brushless Exciter (shaft mounted) - Stator Leads', 'Generator Rotor Fans and Fan Hardware', 'Generator Stator Core Air Ducts', 'Motor Rotor - Poured or Cast Type (bars and shorting rings)', 'Generator Frame, Enclosure, and Mounting', 'Generator Stator Leads and Electrical Connections', 'Motor Probes, if present (alarm, winding and bearing temperature, or vibration)', 'Motor Air Filters', 'Generator Brushless Exciter (shaft mounted) - Stator Laminations', 'Generator Baffles, if present', 'Coupling Sleeve gasket or O-ring, if present', 'Generator Brushless Exciter (shaft mounted) - Stator Windings', 'Generator Stator Laminations', 'Motor Bearing Grease Seals (e.g. slinger, wiping, INPRO)', 'Motor Stator Winding - Surge rings and wedges (Form wound motors, only)', 'Generator Probes, e.g. speed, temperature,  vibration and partial discharge, if present', 'Generator Filters, if present', 'Motor Stator Windings or Coils', 'Generator Rotor Laminations', 'Generator Stator: Windings, Blocking, Bracing, Surge rings includes wedges']",28,"['Pyrite areas', 'Vertical shaft', 'Gearbox', 'Journal rolls', 'Foundation', 'Pyrite scraper assembly', 'Journal springs', 'Crossover pipe and turning vane, if present', 'Grinding bowl', 'Gearbox oil cooler', 'Pyrite discharge chute', 'Journal roll assembly - upper & lower housings', 'Gearbox oil pump', 'Grinding Ring', 'Separator', 'Hardware & fasteners', 'Feeder controls', 'Feeder', 'Inverted cone', 'Journal roll assembly', 'Venturi outlet, if present', 'Classifier', 'Gearbox oil filter', 'Exhauster, if present', 'Mill motor', 'Grinding ring']"
29,GEN_XCTR_3,Main Generator - Exciter - Rotating Brushless,"['Shaft Grounding Brush (Carbon)', 'Shaft Grounding Brush (Sohre)', 'Bearings - Babbitt type', 'PMG - Armature windings', 'Field Breaker - Breaker', 'Voltage Regulator - Potential Transformer', 'Alternator - Windings', 'PMG - Field', 'Voltage Regulator - Fuses', 'Rectifiers - Disconnect Switch', 'Voltage Regulator - Circuit Boards', 'Voltage Regulator - Potentiometers', 'PMG - Armature Iron', 'Rectifiers - Coolers', 'Alternator - Iron', 'Coupling - disk/flexible type', 'Coupling - grid type', 'Rotating Rectifier Diodes', 'Exciter - Enclosure', 'Field Discharge Resistor', 'Rectifiers - Capacitor', 'Shaft Grounding Brush', 'Shaft Grounding Brush (Braided)', 'Voltage Regulator - Current Transformer', 'Voltage Regulator']",29,"['Main Drive Coupling (Motor & Gearbox)', 'Kirk Key Interlock', 'Pipe', 'Bull Gear', 'Foundation', 'Power wiring with connectors', 'Instrumentation - Indicators, Transmitter, and Gauges (Flow, Level, Pressure, Temperature, Main Motor Amps)', 'Flange', 'Pinion Bearing Automatic Greaser, if present', 'Trunnion', 'Pipe Standoffs', 'Main Drive Motor (see MV Motors)', 'Slaking Water Control Valve (Air Operated)', 'Main Drive Gearbox', 'Balls', 'Pipe Hangers and Clamps', 'Trommel Screen', 'Inching Drive Gearbox', 'Gear Spray', 'Inching Motor Coupling', 'Shell Manways', 'Inching Motor (see LV Motors)', 'Pinion Bearings - Pillow Block Type', 'Barrel Heater', 'Inlet Screw Feeder, if present', 'Pipe and Penetrations', 'Control Panel and Display (Local)', 'Control wiring with connectors', 'Slaking Water Control Valve (Air Operated))', 'Shell', 'Gaskets', 'Hardware & Fasteners (general)', 'Pinion Gear', 'Trunnion Bearing Lube Oil', 'Pipe Insulation', 'Classifier', 'Guards', 'Liner', 'Inching Drive Clutch', 'Pedestal', 'Inlet Seal Packing']"
30,GT_HRSG_DuctBurner_Runner_V0,Gas Turbine - HRSG - Duct Burner - Runner Type,"['Flame Scanner', 'Burner Element (Runner type) - Full Length Vertical Support (if present)', 'Flame Viewing Window or Port', 'Stationary Gas Igniter and Scanner Cabinet', 'Pilot and Cooling Air Blowers', 'Pressure Relief Valve', 'Burner Element (Runner type)', 'Burner Baffles', 'Piping and Connections (Instrument Air, Cooling Air, and Gas)', 'Flex Hoses', 'Stationary Gas Igniter']",30,"['Gear box shaft oil seals', 'Gear box bearings', 'Printed circuit boards', 'Rollers, if present', 'Magnet tank', 'Gear box bolting', 'Wiring', 'Gear box gears', 'Magnet tank oil', 'Speed switch, if present', 'Gear box gaskets', 'Power semiconductor Components', 'Undercurrent relay', 'Sheaves', 'Magnet tank oil breather', 'Electromagnets', 'Amp meter', 'Pulleys', 'Motor', 'Pulley bearings', 'Control transformer', 'Gear oil', 'Drive belts', 'Belt']"
31,GT_HRSG_Horz_Structure_1_V0,Gas Turbine - HRSG - Horizontal - Intake - Exhaust and Structures,"['Expansion Joint - Belt type - Header-to-Drum', 'Exhaust Stack - Silencer', 'Damper Instrumentation -  Position switches and indicators', 'Inlet Duct and Gas Path - Internal Panels', 'Access Doors', 'Instrumentation -  Thermocouples', 'Expansion Joint - Belt type - Duct-to-Stack - Bolted Fasteners', 'Inlet Duct - Fasteners', 'Access Doors - Hinges', 'Lightning Protection', 'Heat Trace', 'Instrumentation - Stack (CEMS Probe)', 'Access Doors - Gasket - Cloth or Fiberglass', 'Door Gasket - Cloth or Fiberglass', 'Expansion Joint - Belt type - Header-to-Drum - Bolted Fasteners', 'Aircraft warning light fixture', 'Instrumentation - Pressure - Exhaust and Ducts - Pressure Sensor', 'HRSG Insulation', 'Slide Plates', 'Exhaust Stack - Damper Linkage', 'Access Doors - Locks and Latches', 'Corrugated Seals', 'Exhaust Stack -Damper - Blade', 'Instrumentation - Thermowell', 'Pipe Hangers', 'Stairs and Walkways -Guide Rails and Support Steel', 'Exhaust Stack', 'External Casing and Inlet Duct External Panels', 'Stairs and walkways - steel type', 'Expansion Joint - Belt type - Duct-to-Stack', 'Expansion Joint - Belt type - Duct-to-Stack - Flange Connection', 'Stack Foundation', 'Exhaust Stack - Drain']",31,"['Stationary Cylinder', 'Mounting Bracket', 'Bumper Head and Bracket', 'Safety Cables', 'Spring', 'Bolting', 'Spring Plunger']"
32,GT_LubeOil_Cleaner_ESP_V0,Gas Turbine - Lube Oil - Cleaner - Electrostatic Precipitator,"['Pump', 'Wiring and Terminations', 'Pump Coupling', 'Electrical Devices (micro switches, aux. switches, secondary disconnects, local control handle, fuse blocks, aux. relays, motor starter)', 'Transformer', 'Cover Plate or  Lid', 'PLC', 'Pressure Rate Regulator', 'Motor', 'Tank or Chamber', 'Flex Hoses', 'Tower', 'Manual Isolation and Vent Valves', 'High Voltage Supply', 'Sample Port Isolation Valve', 'ESP Element']",32,"['Stationary Cylinder', 'Mounting Bracket', 'Bumper Head and Bracket', 'Safety Cables', 'Spring', 'Bolting', 'Spring Plunger']"
33,HYD_MTR_Gear_1_V0,Hydraulic Motor - Gear Type,"['Hoses and Connectors', 'Shaft Seal', 'Swashplate and Slipper', 'Shaft Seal Position Spring', 'Shaft', 'Gaskets and O-rings', 'Base Plate', 'Hydraulic Fluid or Oil', 'Bearings or Bushings', 'Gears', 'Piping, Tubing, and Connections', 'Block, Casing, or Housing']",33,"['Termination - lugs', 'Splice - Heat Shrink (XLPO - Cross Linked Polyolefin)', 'Terminal Boards', 'Insulation and Sheath - Silicon Rubber']"
34,HydroGen_SalientPole_IndirectlyCooled_Vert_V0,Hydro-Generator- Salient Pole - Indirectly Cooled - Vertical,"['Air Housing', 'Generator Flexible Links - stator, main leads, neutral, rotor', 'Instrumentation (monitors, probes, sensors) -  Bearing & Winding RTDs, Thermocouples, Vibration probes, Flux, Air Gap, Condition Monitoring, Partial Discharge, Fire protection', 'Stator - Bars and Multi-turn Windings (CRTV and RTV insulation systems)', 'Rotor - Spider Rim', 'Stator - End Caps', 'Rotor - Spider Rim to Pole and Dovetails', 'Rotor - Pole Windings', 'Generator Bushings and Cables - high voltage, neutral', 'Stator - Bars and Multi-turn Windings(wrapper insulation systems)', 'Bearing High Pressure Lift System', 'Stator - Bars and Multi-turn Windings', 'Rotor - Fans', 'Surge Arrestors', 'Generator Bushings - high voltage, neutral', 'Fire Protection Sensors', 'Stator - Core', 'Stator - Shrouds and Baffles', 'Stator - Bars and Multi-turn Windings (Asphalt-Mica insulation systems)', 'Stator Frame Radial Sole Plates, if present', 'Rotor - Poles', 'Stator Frame', 'Bearing - Thrust - Spring Bed Designs, if present', 'Bearing Oil Reservoir or Tub', 'Rotor - Spider (cast type)', 'Stator - Bars Inside Slots', 'Rotor Collector Brushes', 'Current Transformer', 'Generator Flexible Links - rotor', 'Oil Piping and Connections (bolts, clamps, fixtures, standoffs)', 'Stator - Bars and Multi-turn Windings (conventional - Thermoset insulation systems)', 'Shaft - Guide Bearing Journal', 'Upper and Lower Brackets', 'Stator - Multi-turn Coils (Inside Slot)', 'Bearing Lube Oil', 'Rotor - Pole V-Blocks, Sliders, Belly Bands', 'Rotor - Pole Winding Connections (Horseshoe), if present', 'Rotor - Pole Damper Ring', 'Rotor Collector Rings', 'Shaft (under the spider)', 'Rotor - Pole Damper Links', 'Bearing - Guide - Sleeve or Tilt Pad', 'Shaft Grounding Brush & Rigging', 'Rotor - Spider', 'Bearing Oil Deflectors', 'Rotor - Braking System', 'Generator Foundation Grout', 'Bearing - Thrust - Kingsbury & Tapered Land Designs', 'Couplings', 'Rotor - Pole Collars', 'Rotor - Pole Face', 'Rotor - Pole V-Blocks, Sliders, Belly Bands, Pole Winding', 'Air Coolers (water cooled)', 'Bearing - Thrust - Kingsbury, Tapered Land or Spring Bed Designs', 'Bearing Insulation, if present', 'Electrical Conduit, Trays, and Boxes', 'Generator Bushings, Cables, and Flexible Links - high voltage, neutral', 'Instrumentation (monitors, probes, sensors) -  Bearing & Winding RTDs, Thermocouples, Vibration Probes, Flux, Air Gap, Condition Monitoring, Partial Discharge, Fire Protection', 'Capacitor - Oil Filled', 'Light Fixtures, Conduit, and hardware', 'Stator - End Winding and Connections (Bar and Multi-turn)', 'Stator Windings', 'Water and Oil Piping and Connections', 'Fire Suppression Rings']",34,"['Splice - Heat Shrink (XLPO - Cross Linked Polyolefin)', 'Terminal Boards', 'Termination - lugs', 'Jacket - CPE (Chlorinated Polyethylene) with Aluminized Mylar Shield Tape and Drain Wire', 'Insulation - FREP (Flame Retardant Ethylene-Propylene)']"
35,HydroTurbine_Kaplan_V0,Hydro Turbine - Kaplan Type,"['Wicket Gate Lubrication System, if present', 'Head Cover', 'Turbine Shaft Mechanical Seal', 'Wicket Gate Linkage Assembly', 'Turbine Guide Bearing Oil Cooler, if present', 'Wicket Gate Bushing', 'Wicket Gate Servos', 'Turbine Oil Head', 'Turbine Hub Lube Oil', 'Turbine Shaft Packing', 'Vacuum breaker valve (Turbo vent valve)', 'Turbine Runner Blade Servomotor Piston Assembly - Servo', 'Turbine Runner Blade Trunnion Bolts', 'Lubrication - Grease', 'Turbine Shaft Packing Box', 'Turbine Shaft', 'Turbine Instrumentation (e.g. Vibration probes, Bearing thermocouples or RTDs, Shaft position, Pressure Indication, Level indication, Flow indication, Differential pressure indication, Bearing clearance)', 'Draft Tube Man Door', 'Turbine Runner Blade Servomotor Piston Assembly - Links and Levers', 'Turbine Runner Blade Servomotor Piston Assembly - Servo Rings', 'Turbine Runner Blade Servomotor Piston Assembly - Opening and Close Chamber', 'Turbine Runner Blade', 'Turbine Guide Bearing - Sleeve or Tilt Pad', 'Turbine Runner Blade Trunnion Oil and Water Seals', 'Wicket Gate Leaf', 'Bolted Fasteners', 'Discharge Ring', 'Turbine Runner Nose Cone', 'Turbine Runner Blade Servomotor Piston Assembly - Bushings and Seals', 'Turbine Guide Bearing Lube Oil', 'Stay Ring and Vanes', 'Draft Tube', 'Turbine Runner Blade Servomotor Piston Assembly - Link Pins and Bushings', 'Turbine Runner Hub', 'Turbine Bearing Lube Oil', 'General Piping', 'Turbine Runner Blade Servomotor Piston Assembly - Link Pins', 'Wicket Gate (Tail) End Seal, if present', 'Spiral Case Man Door', 'Turbine Guide Bearing - Tilt Pad (only)', 'Wicket Gate Restraining Mechanism (friction/spring device)', 'Wicket Gate Packing Box', 'Turbine Runner Blade Servomotor Piston Assembly - Return Motion Shaft)', 'Wicket Gate Operating Ring', 'Turbine Runner Blade Trunnion Bushings']",35,"['Splice - Heat Shrink (XLPO - Cross Linked Polyolefin)', 'Terminal Boards', 'Termination - lugs', 'Jacket - Hypalon/CSPE (Chlorosulphonated Polyethylene)', 'Insulation - XLPE (Cross Linked Polyethylene)']"
36,IC_Flow_Meter_1_V0,I&C - Flow Meter and Sensor,"['Instrument Indicating Gauges or Readouts', 'Housing', 'Ultrasonic Velocity Sensor', 'Sensing Lines', 'Metering Orifice', 'Metering Tube', 'Sensor']",36,"['Splice - Heat Shrink (XLPO - Cross Linked Polyolefin)', 'Terminal Boards', 'Termination - lugs', 'Jacket - Neoprene', 'Insulation - XLPE (Cross Linked Polyethylene)']"
37,IC_Instru_PH_Probe_V0,I&C - Instrumentation - pH Probe,"['Probe or Sensor Access Port or Penetration', 'Instrument', 'External junction box wiring and connections', 'Probe or Sensor', 'Instrument - Internal wiring and connections', 'Probe or Sensor Cable']",37,"['Cable - conductor', 'Cable - insulation shield', 'Cable - outer jacket', 'Terminations', 'Splices', 'Cable - insulation', 'Cable - neutral (concentric or taped only)']"
38,IC_Isolator_Signal_V0,I&C - Signal Isolator,"['Case', 'Electronics', 'Terminals', 'Potentiometers']",38,"['Cable - conductor', 'Cable - insulation shield', 'Cable - outer jacket', 'Terminations', 'Splices', 'Cable - insulation', 'Cable - neutral (concentric or taped only)']"
39,IC_LevelXmit_2,I&C - Level Detector - Nuclear Source Type,"['Transmitter Electronics', 'Internal wiring and connections', 'Nuclear Level Detector']",39,"['Cable - conductor', 'Cable - insulation shield', 'Cable - outer jacket', 'Terminations', 'Splices', 'Cable - insulation', 'Cable - neutral (concentric or taped only)']"
40,IC_PressXmitr_1_V0,I&C - Pressure Transmitter - Differential,"['Pressure Transmitter', 'Housing', 'Ultrasonic Velocity Sensor', 'Sensing Lines', 'Metering Orifice', 'Differential Pressure Transmitter', 'Metering Tube', 'Thermocouple']",40,"['Cable - conductor', 'Terminations - lead', 'Cable - outer jacket, if present', 'Splices -  transition to extruded cable', 'Splices', 'Cable - insulation', 'Terminations - extruded', 'Cable - lead sheath (jacketed and unjacketed)']"
41,IC_PWR_1Maint_V0,I&C - DC Power Supply - In-Storage Maintenance,"['Bridge or Rectifier Circuit', 'Fuse', 'Electrolytic Capacitors', 'Power Supply Electronics', 'Terminal strips and board connectors', 'Cooling Fan', 'Transformer', 'Printed Circuit Boards', 'Regulation Circuit']",41,"['Cable - conductor', 'Cable - insulation shield', 'Terminations', 'Splices', 'Cable - insulation', 'Cable - neutral (concentric or taped only)']"
42,ISO_BUS_1,Iso-Phase Bus - Forced Draft,"['Fan Enclosure', 'Generator bushings', 'Load and neutral flexible links (generator and transformers)', 'Generator lead box (water cooled bushings only)', 'Current transformers', 'Bus conductor expansion joint', 'Laminated connections, if present', 'Enclosure', 'GSU connection boxes', 'Heat Exchanger', 'Fan Bearings', 'Filters, Media Type', 'Generator lead box', 'Split enclosure covers', 'Air crossovers', 'Bus insulators', 'Potential transformers', 'Bus conductor', 'Sliding enclosure covers, if present', 'Fan', 'Belts or sheaves', 'Generator neutral lead box', 'Enclosure Damper', 'Air Flow Sensor', 'Enclosure thermocouple']",42,"['Cable - conductor', 'Cable - insulation shield', 'Terminations', 'Splices', 'Cable - insulation', 'Cable - neutral (concentric or taped only)']"
43,Jack_1_V0,Jack - Screw Type,"['Screw Elements', 'Jack Body and Base']",43,"['Cable - conductor', 'Cable - insulation shield', 'Terminations', 'Splices', 'Cable - insulation', 'Cable - neutral (concentric or taped only)']"
44,MTR_DC_2,Motor - Direct Current - Medium and Large,"['Lubrication - Grease', 'Brush Rigging', 'Brushes', 'Endbells or Bearing Housings', 'Motor Leads and Electrical Connections', 'Shaft', 'Machine Fits', 'Armature', 'Frame, Enclosure, and Mounting', 'Filters', 'Gaskets', 'Armature - Commutator', 'Fan', 'Armature - Windings', 'Bearings - Antifriction', 'Bearing Grease Seals', 'Stator - Windings', 'Space Heaters']",44,"['Cable - conductor', 'Terminations - dry', 'Cable - insulation shield (polymer tape)', 'Cable - outer jacket', 'Cable - insulation', 'Cable - insulation shield (cotton tape)', 'Cable - taped metal shield']"
45,MTR_LVVert_3_V2,Motor - Low Voltage - 600V - Vertical Hollow Shaft - WP - Grease Lubed,"['Air Baffle Plates', 'Gaskets', 'Space Heaters', 'Bearing Lubrication Delivery & Drain Tubes', 'Lubrication - Grease', 'Endbells or Bearing Housings', 'Machine Fits', 'Pump Shaft Coupling', 'Frame, Enclosure, and Mounting', 'Motor Leads and Electrical Connections', 'Shaft', 'Stator Laminations', 'Bearing Grease Seals', 'Rotor bars and shorting rings (cast type)', 'Bearings - Antifriction (Guide)', 'Detectors (alarm, temperature, vibration), if present', 'Bearings - Antifriction (Thrust)', 'Rotor Fans and Hardware', 'Stator Windings', 'Anti-rotation Device', 'Stator Winding - Blocking, Bracing, and Wedges']",45,"['Cable - conductor', 'Cable - insulation shield (polymer tape)', 'Cable - outer jacket', 'Cable - insulation', 'Cable - insulation shield (cotton tape)', 'Cable - taped metal shield', 'Terminations - outdoor']"
46,MTR_LVVert_7_V2,Motor - Low Voltage - 600V - Vertical Solid Shaft - WP - Grease Lubed,"['Air Baffle Plates', 'Gaskets', 'Space Heaters', 'Bearing Lubrication Delivery & Drain Tubes', 'Lubrication - Grease', 'Endbells or Bearing Housings', 'Machine Fits', 'Frame, Enclosure, and Mounting', 'Motor Leads and Electrical Connections', 'Shaft', 'Stator Laminations', 'Bearing Grease Seals', 'Rotor bars and shorting rings (cast type)', 'Bearings - Antifriction (Guide)', 'Detectors (alarm, temperature, vibration), if present', 'Bearings - Antifriction (Thrust)', 'Rotor Fans and Hardware', 'Stator Windings', 'Anti-rotation Device', 'Stator Winding - Blocking, Bracing, and Wedges']",46,"['Cable - conductor', 'Cable - insulation', 'Terminations - dry', 'Cable - outer jacket']"
47,MTR_LVVert_8_V2,Motor - Low Voltage - 600V - Vertical Solid Shaft - WP - Oil/Grease Lubed,"['Air Baffle Plates', 'Gaskets', 'Space Heaters', 'Bearing Lubrication Delivery & Drain Tubes', 'Lubrication - Grease', 'Endbells or Bearing Housings', 'Lubrication - Oil', 'Machine Fits', 'Frame, Enclosure, and Mounting', 'Bearing Grease/Oil Seals', 'Motor Leads and Electrical Connections', 'Shaft', 'Bearing Oil Fill, Breather Caps & Sight Glass Vents', 'Stator Laminations', 'Rotor bars and shorting rings (cast type)', 'Bearings - Antifriction (Guide)', 'Detectors (alarm, temperature, vibration), if present', 'Bearings - Antifriction (Thrust)', 'Rotor Fans and Hardware', 'Stator Windings', 'Anti-rotation Device', 'Stator Winding - Blocking, Bracing, and Wedges']",47,"['Cable - conductor', 'Cable - outer jacket', 'Splices', 'Cable - insulation', 'Terminations - outdoor']"
48,MTR_MVVert_2_V2,Motor - Medium Voltage <15Kv - Vertical - Hollow Shaft - Rolling Element - Oil Lubed,"['Filters - Air coolers', 'Bearing Metering Orifice', 'Bearing and Winding Temperature and Vibration probes', 'Internal Cooling Coil - Bearing Cooling Water', 'Piping & Connections', 'Surge Capacitors', 'Rotor Fans with interference fit design', 'Gaskets - general', 'Rotor Spider - spider to shaft interference fit  design', 'Rotor Cage - solid lamination design (non-spider design)', 'Space Heaters', 'Lubrication - Oil', 'Motor Leads', 'Machine Fits', 'Stator Windings, includes Blocking, Bracing, Tying, Surge rings, Wedges', 'Frame, Enclosure, and Mounting', 'Bearing Seals (non-contact type)', 'Rotor Retaining Rings (predominantly on 2-pole motors)', 'Rotor Cage - lamination support, i.e. spider', 'Space Heater wiring', 'Winding Electrical Connections - brazed', 'Rotor Bars and Shorting Rings', 'Shaft', 'Bearing Insulation (Internal)', 'Motor Lead Electrical Connections - crimped lugs', 'Baffles', 'Stator Laminations', 'Bearings - Rolling Element', 'Rotor Spider - integral design where spider arms are welded to shaft', 'Bearing Seals (all types)', 'Bearing Insulation (External)', 'Rotor Fans and Hardware', 'Bearing Seals (contact type)', 'Rotor Laminations']",48,"['Cable - conductor', 'Cable - insulation shield (polymer tape)', 'Cable - outer jacket', 'Splices', 'Cable - insulation', 'Cable - insulation shield (cotton tape)', 'Cable - taped metal shield', 'Terminations - outdoor or dry']"
49,Nozzle_1_V0,Nozzle,"['Nozzle', 'Fasteners, if present']",49,"['Cable - conductor', 'Terminations - dry', 'Cable - insulation shield (extruded polymer)', 'Cable - outer jacket', 'Cable - insulation', 'Cable - taped metal shield']"
50,PCB_Dist_1,Distribution Circuit Breaker Air Gap - 1kV to 34kV,"['Racking Mechanism and Shutter Assembly', 'Operating Mechanism', 'Electrical Devices (micro switches, aux. switches, secondary disconnects, local control handle, fuse blocks, aux. relays, charging motor, heaters)', 'Bus Stabs (Breaker)', 'Main Current, Arc Quench, and Insulation', 'Lubricant']",50,"['Cable - conductor', 'Cable - insulation shield (extruded polymer)', 'Cable - outer jacket', 'Cable - insulation', 'Cable - taped metal shield', 'Terminations - outdoor']"
51,PCB_Sub_2,Circuit Breaker - Substation - SF6 Dual Pressure,"['Cabinet thermostat', 'Desiccant bags', 'Interrupter', 'Tank', 'Pneumatic Mechanism - Motor', 'Pneumatic Mechanism - Air Compressor', 'Door Gasket', 'Blast valves', 'Tail Spring', 'Wiring', 'Gaskets and seals', 'Linkage', 'Close and Trip Coils', 'Cabinet heater', 'SF6 Compressor - Alarms and Switches', 'Fuse', 'Tank thermostat', 'Grading Resistors', 'Bushing 4-hole pad connector', 'SF6 Compressor - Motor', 'SF6 Compressor - Tubing, Fittings, gauges', 'Pressure boundary components', 'SF6 Filled Bushings', 'SF6 Compressor', 'Close and Trip Solenoids', 'Tank heater', 'Pneumatic Mechanism - Receiver Tank', 'Pneumatic Mechanism - Alarms and Switches', 'SF6 gas', 'Aux/AB Switch', 'Operating Rods', 'Pneumatic Mechanism - Tubing, Fittings, gauges']",51,"['Cable - conductor', 'Cable - insulation', 'Terminations - outdoor', 'Cable - outer jacket']"
52,PMP_VERT_3_V2,Pump - Vertical - Deep Draft - Radial Flow - Oil/Grease Lubed,"['Suction Strainer', 'Bearing Retainers & Spiders', 'Wear rings', 'Packing', 'Shaft', 'Impeller', 'Bearings - Sleeve', 'Bowls', 'Discharge Head and Motor Mount', 'Mechanical Seal', 'Pump / Motor Coupling', 'Pump Base and Mounting', 'Cathodic Protection, if present', 'Gaskets, O-Rings', 'Line Shaft Coupling', 'Column Piping', 'Bearings - Antifriction']",52,"['Cable - conductor', 'Cable - outer jacket', 'Splices', 'Cable - insulation', 'Terminations - outdoor']"
53,Pole_Wood_2,Poles_Wood_Distribution_DFir_Creosote,"['Ground line (+3 inches downward)', 'Ground line (+7 feet to +3 inches)', 'Pole mid-section', 'Pole top (top 12 to 18 inches)']",53,"['Cable - conductor', 'Cable - insulation shield (extruded polymer)', 'Cable - outer jacket', 'Splices', 'Cable - insulation', 'Cable - taped metal shield', 'Terminations - outdoor or dry']"
54,Pole_Wood_9,Poles_Wood_Distribution_WRCedar_Penta,"['Ground line (+3 inches downward)', 'Ground line (+7 feet to +3 inches)', 'Pole mid-section', 'Pole top (top 12 to 18 inches)']",54,"['Cable - conductor', 'Cable - insulation shield (polymer tape)', 'Cable - outer jacket', 'Terminations', 'Cable - insulation', 'Cable - insulation shield (cotton tape)', 'Cable - neutral (concentric or taped only)']"
55,PowerSystem_SP_V0,Power System - Solar-Photovoltaic,"['Battery - Group Bar (Collector)', 'DC Converter, Regulator and Rectifier - Interconnecting Communication Cables', 'Earth Connections', 'Solar Controller  (including dry contacts, circuit boards, alarms, etc)', 'Enclosure Cooling Fans', 'DC Converter, Regulator and Rectifier Module (including PLC, semiconductors, transformer, etc)', 'Battery - Plates', 'Lightning or Surge Arrestors', 'Solar Panel (Module)', 'Load Breakers', 'Solar Panel Supporting Structure (the array frame)', 'Enclosure (Shelter)', 'Battery - Posts', 'DC Converter, Regulator and Rectifier - Rack and Backplane (including AC breakers)', 'Battery - Inter Cell and Inter Tier Connectors & Hardware & Battery Cable Connectors', 'Battery - Cabinet or Rack', 'Power Cables', 'Solar Controller (including dry contacts, circuit boards, alarms, etc)', 'Non-Load Breakers', 'Battery - Case', 'Battery - Pressure Relief Valve', 'DC Converter, Regulator and Rectifier - Interconnecting Power Cables', 'Connections to Battery Charger and Primary Distribution']",55,"['Cable - conductor', 'Cable - insulation', 'Terminations - dry', 'Cable - outer jacket']"
56,Pulley_1_V0,Pulley,"['Pulley Block and Wire Rope Attachment', 'Sheaves', 'Pulley bearings', 'Fasteners, if present', 'Shaft', 'Grease fitting, if present', 'Bearing seals, if present']",56,"['Cable - conductor', 'Cable - insulation', 'Terminations - outdoor', 'Cable - outer jacket']"
57,RLY_CTL_1_V4,Relay - Control - Electromechanical,"['Wiring and Terminations', 'Mechanical Assembly', 'Relay Base', 'Coils', 'Contacts']",57,"['Cable - conductor', 'Cable - outer jacket', 'Splices', 'Cable - insulation', 'Terminations - outdoor']"
58,RLY_CTL_EM1_ACD_V0,Relay - Control - Electromechanical - AC coil - De-Energized,"['Mechanical Assembly', 'Mechanical Assembly - rotary or solenoid armatures', 'Relay socket', 'Coils - AC, normally de-energized', 'Contacts', 'Mechanical Assembly - latch mechanism', 'Wiring and terminations']",58,"['Cable - conductor', 'Cable - insulation shield (polymer tape)', 'Cable - outer jacket', 'Splices', 'Cable - insulation', 'Cable - insulation shield (cotton tape)', 'Cable - neutral (concentric or taped only)', 'Terminations - outdoor or dry']"
59,RLY_CTL_EM2_ACE_V0,Relay - Control - Electromechanical - AC coil - Energized,"['Mechanical Assembly', 'Mechanical Assembly - rotary or solenoid armatures', 'Coils - AC, normally energized', 'Relay socket', 'Contacts', 'Mechanical Assembly - latch mechanism', 'Wiring and terminations']",59,"['Cable - conductor', 'Cable - insulation shield (extruded polymer)', 'Cable - outer jacket', 'Terminations', 'Cable - insulation', 'Cable - taped metal shield']"
60,RLY_CTL_EM4_DCE_V0,Relay - Control - Electromechanical - DC coil - Energized,"['Mechanical Assembly', 'Mechanical Assembly - rotary or solenoid armatures', 'Relay socket', 'Contacts', 'Coils - DC, normally energized', 'Mechanical Assembly - latch mechanism', 'Wiring and terminations']",60,"['Cable - conductor', 'Cable - insulation shield (extruded polymer)', 'Cable - outer jacket', 'Cable - insulation', 'Cable - taped metal shield', 'Terminations - outdoor']"
61,Structure_Metal_1_V0,Structure - Metal_1,"['Bolted Fasteners', 'Welds', 'Structural Elements', 'Hinge points, if present']",61,"['Cable - conductor', 'Cable - insulation', 'Cable - outer jacket', 'Terminations']"
62,SWGR_LoadCommInv_LiqCool_V0,Load Commutating Inverter (LCI)_Liquid Cooled,"['Isolation Transformer (Dry Type) -Windings', 'Cabinet or Enclosure', 'Differential Pressure & Temperature Switches - Sensing Device (with Bourdon Tube or Bellows)', 'Heat Exchanger (Liquid Cooled)', 'Wiring, Cables and Connections', 'Instrumentation - Coolant Resistivity and Temperature Meter', 'Disconnect Switch (Motorized - Generator & Neutral) - Primary Contacts and Insulation', 'Isolation Transformer (Oil Type) - Transformer Tank', 'Thyristor/SCR - Filter Resistors (Air Cooled)', 'Thyristor/SCR - Heatsink', 'Thyristor/SCR - Rack and Backplane - Current Feedback Burden Resistors', 'Micro-Processor Control - Circuit Boards', 'Carbon Filter', 'Thyristor/SCR - Metal Oxide Varistors (MOV)', 'Cabinet or Enclosure - Wiring, Cables and Connections', 'Isolation Transformer (Oil Type) - Instrumentation - Pressure Vacuum Switch (Buckholtz Relay)', 'Pump Motor Controls - Manual Disconnect Switch', 'Isolation Transformer (Dry Type) -Core', 'Isolation Transformer (Oil Type) - Electrical Connections', 'Isolation Transformer (Dry Type) -Alarms', 'Isolation Transformer (Oil Type) - Lightning or Surge Arrestors (Metal oxide varistor type)', 'Temperature Control Valve (TCV - self-regulating type)', 'Isolation Transformer (Oil Type) - Windings', 'Isolation Transformer (Dry Type) -Transformer Enclosure Cooling Fan, if present', 'Isolation Transformer (Oil Type) - Instrumentation - Internal wiring & connections', 'Isolation Transformer (Oil Type) - Transformer Oil', 'Isolation Transformer (Dry Type) -Bushings - Solid', 'Micro-Processor Control - Wiring, Cables and Connections', 'Isolation Transformer (Oil Type) - Pressure Relief Valve', 'Coolant Internal Tubing, Piping & Connections', 'Isolation Transformer (Dry Type) -Electrical Connections', 'Isolation Transformer (Oil Type) - Instrumentation - Gauge - Oil Level', 'Current Transformer', 'Disconnect Switch (Motorized - Generator & Neutral) - Wiring, Cables and Connections', 'Pump Motor Controls - Indication (Status - LEDs or Lamps)', 'Valves (Manual) - Seat or Disc', 'Field Breaker, if present', 'Cabinet or Enclosure - Station Grounding', 'Pump Motor Controls - Electrical devices (control transformer, fuse & fuse block)', 'Thyristor/SCR - Filter Resistors (Water Cooled)', 'Cabinet or Enclosure - Heater', 'Isolation Transformer (Oil Type) - Desiccant', 'Differential Pressure & Temperature Switches - Gaskets and O-rings', 'Tubing, Piping & Connections', 'Thyristor/SCR - Fuses', 'DC Link Reactor', 'Isolation Transformer (Oil Type) - Instrumentation - Rapid/Sudden Pressure Relay (primary & aux)', 'Thyristor/SCR - Capacitors', 'Micro-Processor Control - Power Supply', 'Isolation Transformer (Oil Type) - Instrumentation - Level Alarms', 'Isolation Transformer (Oil Type) - Gas Blanket Systems', 'Cabinet or Enclosure - Cabinet Filter', 'Valves (Manual) - Stem', 'Pump Motor Controls - Device Lubricant (Internal to contactor/starter, molded case breaker, disconnect switch, etc.)', 'Isolation Transformer (Dry Type) -Lightning or Surge Arrestors (Metal oxide varistor type)', 'Micro-Processor Control - Circuit Breaker', 'Instrumentation - Coolant Resistivity and Temperature', 'Disconnect Switch (Motorized - Generator & Neutral) - Electrical Devices (micro switches, aux. switches, local control handle, fuse blocks, aux. relays, electric motor)', 'Isolation Transformer (Oil Type) - Core', 'Pump Motor Controls - Control Switch', 'Isolation Transformer (Oil Type) - Bushings - Solid', 'Thyristor/SCR - Rack and Backplane', 'Micro-Processor Control - Terminal & PC Board Connectors', 'Isolation Transformer (Oil Type) - Instrumentation - Wiring, Cables and Connections', 'Micro-Processor Control - Relays', 'Valves (Manual) - Body to Bonnet (Cover) Gasket', 'Pump Motor Controls - Terminal Strips', 'Thyristor/SCR - Cooling Fan', 'Coolant (water-glycol)', 'Thyristor/SCR', 'Isolation Transformer (Oil Type) - Instrumentation - Gauge - Temperature (Oil and Winding)', 'Isolation Transformer (Oil Type) - Valves - Manual', 'Differential Pressure & Temperature Switches - Electrical Switch', 'System Controls - PLC (micro-processor controller/Operator User Interface)', 'Isolation Transformer (Oil Type) - Gaskets', 'Cabinet or Enclosure - Heater Thermostat', 'Deionizer', 'Differential Pressure & Temperature Switches - Sensing Line & Tube Fittings', 'Disconnect Switch (Motorized - Generator & Neutral) - Operating Mechanism (Gears, Sprockets, and Chains)', 'Pump Motor Controls -Molded Case Breaker', 'Pump Motor Controls - Contactor or Starter', 'Isolation Transformer (Dry Type) -Transformer Enclosure with doors and penetrations', 'Disconnect Switch (Motorized - Generator & Neutral) - Lubricant', 'Isolation Transformer (Oil Type) - Cooling Fins']",62,"['Cable - conductor', 'Cable - outer jacket', 'Splices', 'Cable - insulation', 'Terminations - outdoor']"
63,SWGR_Panel_FreezeProtection_HeatTrace_1_V0,Switchgear - Panel - Freeze Protection Heat Trace_Chromolox,"['Control Power Fuse and Fuse Holder', 'Cabinet or Enclosure', 'Temperature Controller Module (PLC -Programmable Logic Controller)', 'Control Switch - Hand/Off/Auto', 'Terminal Strips', 'Cabinet Heater', 'Cabinet Heater Thermostat', 'Circuit Breakers - Heat Trace with Ground Fault Protection', 'Disconnect Switch - Manual', 'Wiring and terminations', 'Control - EOL Indicator Lights', 'Heat Trace Tape', 'Circuit Breaker - Main', 'Contactor']",63,['Splices']
64,TURB_MHC_GE_2,Main Turbine - MHC Controls - GE - Shell or Chest Mounted Control Valves,"['Speed Load Changer', 'Transmitter Receivers (intercepts, control, hydraulic relays)', 'Pneumatic Relays (blow down, water spray, equalizer, valve test, etc)', 'Hydraulic Actuators (control, and intercept if present)', 'Limit Switches - Electric excluding valve actuators', 'Control and Intercept Valve Operating Linkages', 'Hydraulic Relays (speed, intercept, secondary speed, pre-emergency governor, etc)', 'Governor Drive Bearings', 'Thrust Bearing Wear Detector', 'Limit Switches - Pneumatic', 'Trip Assembly Master Vacuum', 'Hydraulic Actuators (main, and reheat stop if present)', 'Stop Valve Bypass Mechanism', 'Overspeed Trip Mechanism', 'Fly Weight Governor and Drive Gears', 'Limit Switches - Electric on Valve Actuators', 'Control Valves - Shell or Chest Mounted', 'Emergency Governor', 'Extraction Relay Dump Valve']",64,"['Cable - conductor', 'Cable - insulation shield (extruded polymer)', 'Cable - outer jacket', 'Terminations', 'Cable - insulation', 'Cable - taped metal shield']"
65,TURB_PROC_3_FWEHC_V1,Turbine - Main Feedwater Type with EHC Controls,"['Turbine Journal Bearing Labyrinth Oil Seals', 'Lube Oil Tank Fill Access Hatch', 'Turbine Thrust Bearing - Kingsbury Designs', 'Lube Oil Supply Spring Loaded Pressure Control and Pressure Regulating Valves', 'Steam Gaskets -Casing and Steam Chest', 'Lube Oil Supply Fittings, Flanges, and Gaskets', 'Valves - High and Low Pressure Control - Actuators', 'Emergency Trip Finger', 'Emergency Trip Relay (Hydraulic)', 'Valves Gaskets - High and Low Pressure Control and Stop', 'Casing Bolting', 'EHC Governor Control System', 'Steam Strainer Wire Mesh', 'Lube Oil Vapor Extractor Blower and Motor', 'Pedestal', 'Valves - High and Low Pressure Stop - Actuators', 'Thrust and Journal - Bearing Vibration Proximity Probes', 'Exhaust Hood Expansion Joint - Elastomer Type, if  present', 'Exhaust Hood Expansion Joint - Stainless Steel, if present', 'Turning Gear Drive Mechanism', 'Lube Oil Tank Level Indicator', 'Stationary Diaphragms Centering Pins and Crush Pins', 'Rotor Blading', 'Casing - Diaphragm Fit Area', 'Oil Filter - 3 Way Transfer Valve (Lube & Servo Oil)', 'Lube Oil Vapor Extractor Manual Discharge Valve', 'Lube Oil Piping Rubber Boots - Front Standard Downcomer and Others', 'Exhaust Hood Rupture Disk', 'Overspeed Trip Mechanism, includes rotor and front standard', 'Lube Oil', 'Oil Filter - Duplex Type (Lube & Servo Oil)', 'Emergency Oil Trip Piston or Valve', 'Stationary Diaphragms and 1st Stage Nozzles', 'Turbine Thrust Bearing Wear Detector - Mechanical', 'Rotor Shaft', 'Turbine Journal Bearings - Sleeve only', 'Lube Oil Tank Immersion Heaters', 'Lube Oil Piping Rubber Boots - All Others', 'Turbine Journal Bearings - Tilt Pad', 'Turbine Thrust Bearing Position - Proximity Probe', 'Turbine Thrust Bearing - Kingsbury & Tapered Land Designs', 'Motor Driven Oil Pumps - DC Motor only', 'Turning Gear Engaging Mechanism', 'Exhaust Hood Expansion Joint - all types', 'Lube Oil Vapor Extractor Discharge Check Valve', 'Rotor Shaft - Shaft Grounding Shoe, if present', 'Casing', 'Lube Oil Coolers', 'Casing Packing Housing Drain', 'Lube Oil Level Tank Indicator', 'Shaft Steam Labyrinth Seal', 'Lube Oil Supply Tank', 'Lube Oil Temperature Sensors - Cooler Input and Outlet, and Bearing Drain Temperature Sensor and Indicator', 'Valves - High and Low Pressure Control', 'Emergency Trip Valve', 'Emergency Governor Overspeed Trip', 'Coupling', 'Limit Switches - Permission and Indication', 'Exhaust Hood Supports', 'Motor Driven Oil Pumps - AC & DC', 'Electronic Lockout Override', 'Motor Driven Oil Pumps - AC & DC Motors', 'Lube Oil Tank Oil Level Sight Gauge', 'Motor Driven Oil Pumps and Motors - AC & DC', 'Thrust and Journal - Bearing Metal Thermocouples', 'Trip Reset Piston', 'Lube Oil Tank Ground (Earth) Connection', 'Turbine Journal Bearings - Sleeve or Tilt Pad', 'Turning Gear Motor', 'Lube Oil Tank Loop Seals', 'LP Nozzle Block Bolt Cover Plates', 'Valves - High and Low Pressure Stop', 'Shaft Driven Oil Pump']",65,"['Cable - conductor', 'Cable - insulation shield (extruded polymer)', 'Cable - outer jacket', 'Splices', 'Cable - insulation', 'Cable - taped metal shield', 'Terminations - outdoor or dry']"
66,VLV_ACT_TURB_STM_CTRL_VLV_SnglAct_BellvilleSpring_V0,Valve Actuator - Steam Turbine - Steam Control Valve - Single Acting with Bellville Spring,"['Relay Trip Valve', 'Hydraulic EHC Fluid', 'Hydraulic Cylinder Piston and Rod', 'Hydraulic Piping and Tubing Connections', 'Manifold', 'Servo Valve', 'Fast Acting Solenoid Valve', 'Hydraulic Cylinder Spring', 'Position Indicator - Limit Switch', 'Position Indicators - LVDR Type', 'Relay Trip Valve - External Position Indicator', 'Hydraulic Cylinder']",66,"['Cable - conductor', 'Cable - outer jacket', 'Cable - insulation shield (extruded or taped polymer)', 'Terminations', 'Cable - insulation', 'Cable - insulation shield (cotton tape)', 'Cable - taped metal shield']"
67,VLV_Actuator_AOV_Piston_AirOp_Modulating_DigPos_V0,Valve Actuator - AOV - Piston Air Operated - Modulating with Digital Positioner,"['Coupling - Lever Arm', 'Pressure Switch', 'Air Supply Line Filter (Internal or External)', 'Quick Release Valve', 'SOV', 'Positioner - Digital', 'Limit Switches - lever type', 'Pneumatic Tubing and Flex Hoses', 'Actuator', 'Air Supply Line', 'Wiring, Connections, and Terminals', 'Pressure Regulator', 'Accumulators', 'Pneumatic Switch', 'Speed Control Valves', 'Fasteners', 'Scotch Yoke', 'Booster', 'Rack & Pinion', 'Coupling', 'External Air Filter', 'Mechanical fasteners or hardware', 'I/P-E/P', 'Packing (actuator)', 'Air Supply Line Check Valve', 'Air Pilot Valve (Switching or Lockup)']",67,"['Cable - conductor', 'Cable - outer jacket', 'Cable - insulation shield (extruded or taped polymer)', 'Cable - insulation', 'Cable - insulation shield (cotton tape)', 'Cable - taped metal shield', 'Terminations - outdoor']"
68,VLV_Ball_1_V0,Valve - Ball,"['Seat', 'Shaft', 'Fasteners and Hardware (Seat Retaining Ring)', 'Body Assembly Bushings', 'Packing or Seals', 'Ball', 'Body']",68,"['Cable - conductor', 'Cable - outer jacket', 'Cable - insulation shield (extruded or taped polymer)', 'Splices', 'Cable - insulation', 'Cable - insulation shield (cotton tape)', 'Cable - taped metal shield', 'Terminations - outdoor or dry']"
69,VLV_CHK_5_V0,Valve - Check - In-Line,"['Spring(s)', 'Disc', 'Seat Ring to Body Interference Fit or Thread', 'Disc Pin', 'Seat Failure (Body or Disc)', 'Body', 'Disc Pin Guides (Bushings)']",69,"['Compressor, Gaskets', 'Rupture disk', 'Solenoid Valves', 'Compressor System Failure', 'Coupling', 'Oil Return System: Eductor, Sump Level switch, SOV', 'Fasteners/ Hardware', 'Bearings', 'Compressor, Lubrication Failure', 'Heat Exchangers: Evaporator', 'Purge Unit', 'Pressure Relief Valve (Safety Valve)', 'Refrigerant Operated Control Valve', 'Compressor, Shaft seal', 'Chiller Instrumentation and Control Devices: Capacity, Oil Pressure, Oil Level, Refrigerant High & Low Pressure, Freeze Protection', 'Heat Exchangers: Condenser', 'Capacity Control (PreRotation Vanes)', 'Electronic/Electrical Devices: Transmitters, Temperature Control Valves, Programmable logic controls, Level/Flow switches, RTDS, I/P Transducers', 'Refrigerant Metering Device', 'Gear Box', 'Compressor, Impeller']"
70,VLV_CHK_6_V0,Valve - Check - Double Disc,"['Discs', 'Spring(s)', 'Seat Leakage (Body or Disc)', 'Bushing(s)', 'Hinge pin', 'Seat Failure (Body or Disc)', 'Body']",70,"['Compressor, Gaskets', 'Rupture disk', 'Solenoid Valves', 'Compressor, Unloader Valve', 'Bearings', 'Compressor, Lubrication Failure', 'Heat Exchangers: Evaporator', 'Compressor, Cylinders', 'Purge Unit', 'Compressor, Frame and Mounting', 'Pressure Relief Valve (Safety Valve)', 'Refrigerant Operated Control Valve', 'Compressor, Shaft seal', 'Pulleys and Belts', 'Fasteners/Hardware', 'Chiller Instrumentation and Control Devices: Capacity, Oil Pressure, Oil Level, Refrigerant High & Low Pressure, Freeze Protection', 'Heat Exchangers: Condenser', 'Compressor, Shaft', 'Electronic/Electrical Devices: Transmitters, Temperature Control Valves, Programmable logic controls, Level/Flow switches, RTDS, I/P Transducers', 'Refrigerant Metering Device', 'Compressor, Relief Valve']"
71,VLV_Weir_Manual_V0,Valve - Weir Type - Manual,"['Valve Body', 'Bonnet', 'Valve Stem or Shaft', 'Manual Operator', 'Mechanical fasteners or hardware', 'Piping Flange Gaskets, if present', 'Valve Diaphragm', 'Valve Seat', 'Manual Operator Reach Rod, if present', 'Valve Body Gasket', 'Manual Operator Reach Rod - Universal Joints, if present', 'Manual Operator Reach Rod - Pins, if present', 'Valve Stem O-rings']",71,"['Compressor, Gaskets', 'Compressor, Capacity Slide Control Valve', 'Rupture Disk', 'Solenoid Valves', 'Coupling', 'Compressor, Oil Pump', 'Fasteners/ Hardware', 'Bearings', 'Heat Exchangers: Evaporator', 'Purge Unit', 'Compressor, Lubrication', 'Pressure Relief Valve (Safety Valve)', 'Refrigerant Operated Control Valve', 'Compressor, Shaft seal', 'Chiller Instrumentation and Control Devices: Capacity, Oil Pressure, Oil Level, Refrigerant High & Low Pressure, Freeze Protection', 'Heat Exchangers: Condenser', 'Electronic/Electrical Devices: Transmitters, Temperature Control Valves, Programmable logic controls, Level/Flow switches, RTDS, I/P Transducers', 'Compressor, Bull Gear', 'Compressor, Rotors', 'Refrigerant Metering Device', 'Separator Oil Heater']"
